Link,Price,Model,Make,Year,Mileage,Steering Side,Seller Name,Trim,Regional Specs,Warranty,Exterior Color,Body Collection,Body Type,Mechanical Condition,Cylinder,Transmission Type,Horsepower,Fuel Type,Description
https://dubai.dubizzle.com/motors/used-cars/ford/edge/2023/8/1/gcc-2019-ecoboost-awd-leather-seats-naviga-2-542---08457019d7724c96ac2562e8fed7ef94//,"89,600 ",Edge,Ford,2019,"58,218 km",Left Hand,VESLA MOTORS,SEL,GCC Specs,Yes,Black,Perfect inside and out,SUV,Perfect inside and out,4,Automatic Transmission,100 - 200 HP,Petrol,"['REFERENCE #: VE3453 ', 'BRANCH ALLOCATED STOCKS: ']"
https://dubai.dubizzle.com/motors/used-cars/bmw/8-series/2023/7/17/bmw-840i-coupe-m-sport-pro-ref-135091-2-710---b53ff8e17af84f80bbe38fa436370b31//,"410,000 ",8-Series,BMW,2023,"2,490 km",Left Hand,AGMC - BMW,840i,GCC Specs,Yes,Grey,Perfect inside and out,Coupe,Perfect inside and out,6,Automatic Transmission,300 - 400 HP,Petrol,"['• AGMC is the official BMW Group Importer in Dubai, Sharjah & Northern Emirates. ', '• BPS is the Certified Pre-Owned Vehicle program  of  ']"
https://dubai.dubizzle.com/motors/used-cars/bmw/xm/2023/7/6/bmw-xm-shadow-line-2-677---a40b234fcf4346a499789405546c222b//,"680,000 ",XM,BMW,2023,"6,000 km",Left Hand,AGMC - BMW,Other,GCC Specs,Yes,Green,Perfect inside and out,SUV,Perfect inside and out,8,Automatic Transmission,700 - 800 HP,Hybrid,"['• AGMC is the official BMW Group Importer in Dubai, Sharjah & Northern Emirates. ', '• BPS is the Certified Pre-Owned Vehicle program  of  ']"
https://dubai.dubizzle.com/motors/used-cars/land-rover/range-rover/2023/8/1/2023-range-rover-sv-p530-v8-meridian-inter-2-491---54f60fe9626448d58b95660bae262aa9//,"1,190,000 ",Range Rover,Land Rover,2023,15 km,Left Hand,Elite Cars,Other,Other,Yes,Blue,Perfect inside and out,SUV,Perfect inside and out,8,Automatic Transmission,500 - 600 HP,Petrol,"['REF NUMBER: E238316 ', 'The Elite Cars, one of the leading car dealerships in the UAE, takes pride in their selection of the most exclusive and sought-after vehicles from the world’s legendary marques. ']"
https://dubai.dubizzle.com/motors/used-cars/hyundai/staria/2023/8/7/hyundai-staria-35l-v6-royal-edition-gcc-sp-2-137---9778cb40736145d795fcb04f0b6ea0e0//,"165,000 ",Staria,Hyundai,2023,0 km,Left Hand,Mohamed AlKady General Trading L.L.C,Other,GCC Specs,No,White,Perfect inside and out,Van,Perfect inside and out,6,Automatic Transmission,400 - 500 HP,Petrol,"['ALKADY CARS FZE ', 'HYUNDAI STARIA 3.5L V6 ROYAL EDITION ']"
https://dubai.dubizzle.com/motors/used-cars/land-rover/defender/2023/7/22/2023-land-rover-defender-110-hse-p400-x-dy-2-412---6f1cb5365a354287a532bc3aec5e32ac//,"429,000 ",Defender,Land Rover,2023,5 km,Left Hand,Dresden Used Cars Tr . L L C - Dubai Branch,110 X-Dynamic,European Specs,No,Grey,Perfect inside and out,SUV,Perfect inside and out,6,Automatic Transmission,400 - 500 HP,Petrol,"['2023 Land Rover Defender 110 HSE P400 X-Dynamic. BRAND NEW. ', 'Germany Specifications, AWD ']"
https://dubai.dubizzle.com/motors/used-cars/dodge/charger/2023/7/26/alcantara-seatssrtscat-pack64l-2-335---222e661317424c6c9e4ebfa066267470//,"85,000 ",Charger,Dodge,2017,"110,000 km",Left Hand,Kandy Used Cars Tr.,SRT 392,American Specs,Does not apply,Grey,Perfect inside and out,Sedan,Perfect inside and out,8,Automatic Transmission,400 - 500 HP,Petrol,"['We are specialist in sports cars and we have all types of Mustang, Camaro, Charger, Challenger, etc. ', 'Instagram: #Kandycars_UAE ']"
https://dubai.dubizzle.com/motors/used-cars/mercedes-benz/s-class/2022/11/25/45b-grade-s550l-amg-kit-model-2014-low-mil-2-226---28c7e12aed434e87b8cb6c64aa06a413//,"145,000 ",S-Class,Mercedes-Benz,2014,"75,000 km",Left Hand,Drive Zone FZE,S 550,Japanese Specs,Does not apply,Black,Perfect inside and out,Sedan,Perfect inside and out,8,Automatic Transmission,Unknown,Petrol,"['-Very Clean Mercedes Benz S550L AMG kit ', '•Only 75,000 KM ']"
https://dubai.dubizzle.com/motors/used-cars/mazda/cx-9/2023/8/9/mazda-cx9-gcc7seatertop-optionfor-sale-aed-2-459---4b10a0ea516e4851bc61c9365f0eb41d//,"48,000 ",CX-9,Mazda,2016,"110,000 km",Left Hand,Munich Cars Trading L.L.C,GTX,GCC Specs,Does not apply,Red,Perfect inside and out,SUV,Perfect inside and out,6,Automatic Transmission,300 - 400 HP,Petrol,"['MAZDA CX9 #GCC# FULL OPTION 4X4 ', 'ACCIDENT FREE AND WELL MAINTAINED FOR SALE AED 48000/- ']"
https://dubai.dubizzle.com/motors/used-cars/porsche/carrera/2023/8/9/porsche-911-carrera-gt3-rs-2017-gcc-low-km-2-566---d1dfb6b138054a7db9ae132e87225d93//,"669,500 ",Carrera / 911,Porsche,2017,"1,752 km",Left Hand,Sun City Motors,GT3,GCC Specs,Does not apply,Orange,Perfect inside and out,Coupe,Perfect inside and out,8,Automatic Transmission,400 - 500 HP,Petrol,"['Stunning 2017 Porsche 911 Carrera GT3 RS (991.1) GCC with only 1,000 km!!   ', '4.0 Litre 6 cylinder, Rear Wheel Drive, 7 Speed Automatic with 493 BHP...   ']"
https://dubai.dubizzle.com/motors/used-cars/ford/escort/2023/7/30/2021-ford-escort-warranty-and-service-cont-2-959---12072c1c25f0409b8f9ca13ff393ccfb//,"55,000 ",Escort,Ford,2020,"29,000 km",Left Hand,Sun City Motors,Other,GCC Specs,Yes,Silver,Perfect inside and out,Sedan,Perfect inside and out,3,Automatic Transmission,100 - 200 HP,Petrol,"['Ref. No.  ', 'With over 25 years of experience in the UAE automotive market, Sun City Motors has been an epitome of quality cars, customer service and after sales. ']"
https://dubai.dubizzle.com/motors/used-cars/land-rover/defender/2023/6/15/2022-land-rocer-defender-110x-p525-warrant-2-871---fcf114879d6040d5b0440dd86f49569b//,"569,000 ",Defender,Land Rover,2022,"1,400 km",Left Hand,Sun City Motors,110 X,European Specs,Yes,Black,Perfect inside and out,SUV,Perfect inside and out,8,Automatic Transmission,500 - 600 HP,Petrol,"['Ref. No. SCM234528 ', 'With over 25 years of experience in the UAE automotive market, Sun City Motors has been an epitome of quality cars, customer service and after sales. ']"
https://dubai.dubizzle.com/motors/used-cars/jetour/x70/2023/6/20/brand-new-2024-jetour-x70-fl-7-seater-5-ye-2-544---88ad49c8711a43eb85484a72d4b36f9d//,"73,000 ",X70,Jetour,2024,8 km,Left Hand,Sun City Motors,FL,GCC Specs,Yes,White,Perfect inside and out,SUV,Perfect inside and out,4,Automatic Transmission,100 - 200 HP,Petrol,"['Jetour is exclusively partnered with The Elite Cars for the UAE. ', 'This exclusive partnership brings over 25 years of combined formidable experience in the automotive industry and remarkable global market performance, therefore bringing quality and  ']"
https://dubai.dubizzle.com/motors/used-cars/bentley/mulsanne/2023/7/10/2017-bentley-mulsanne-mulliner-ii-68l-v8-t-2-052---5e47e5d69cfd4895925f3d01f2af2fd9//,"849,000 ",Mulsanne,Bentley,2017,"17,000 km",Left Hand,Sun City Motors,Standard,GCC Specs,Yes,Silver,Perfect inside and out,Sedan,Perfect inside and out,8,Automatic Transmission,500 - 600 HP,Petrol,"['Ref. No. SCM234319 ', 'With over 25 years of experience in the UAE automotive market, Sun City Motors has been an epitome of quality cars, customer service and after sales. ']"
https://dubai.dubizzle.com/motors/used-cars/porsche/carrera/2023/7/18/2020-911-carerra-turbo-s-25000-km-warranty-2-444---dd1646897eec4ade964be536b69f1190//,"779,000 ",Carrera / 911,Porsche,2020,"25,000 km",Left Hand,Sun City Motors,Turbo S,GCC Specs,Yes,White,Perfect inside and out,Coupe,Perfect inside and out,6,Automatic Transmission,600 - 700 HP,Petrol,"['Ref. No. SCM234563 ', 'With over 25 years of experience in the UAE automotive market, Sun City Motors has been an epitome of quality cars, customer service and after sales. ']"
https://dubai.dubizzle.com/motors/used-cars/land-rover/range-rover-sport/2023/7/30/2020-range-rover-sport-p525-hse-dynamic-50-2-183---da6b42e4f0964342927f2b455c7a195b//,"369,000 ",Range Rover Sport,Land Rover,2020,"40,000 km",Left Hand,Sun City Motors,HSE Dynamic,GCC Specs,Yes,Grey,Perfect inside and out,SUV,Perfect inside and out,8,Automatic Transmission,500 - 600 HP,Petrol,"['Ref. No. SCM234565 ', 'With over 25 years of experience in the UAE automotive market, Sun City Motors has been an epitome of quality cars, customer service and after sales. ']"
https://dubai.dubizzle.com/motors/used-cars/mercedes-benz/gle-coupe/2023/7/30/2021-mercedes-gle-53-amg-coupe-only-14000--2-721---8b4c0db3051c4efb9ea73d7ceffcec32//,"465,000 ",GLE Coupe,Mercedes-Benz,2022,"14,000 km",Left Hand,Car Vault,GLE 53 AMG,GCC Specs,Yes,White,Perfect inside and out,SUV,Perfect inside and out,6,Automatic Transmission,400 - 500 HP,Petrol,"['Ref. No. SCM234566 ', 'With over 25 years of experience in the UAE automotive market, Sun City Motors has been an epitome of quality cars, customer service and after sales. ']"
https://dubai.dubizzle.com/motors/used-cars/mercedes-benz/s-class/2023/8/9/2023-mercedes-benz-s580-4matic-2-951---56f5bb99af774132a61d259bed467e53//,"599,000 ",S-Class,Mercedes-Benz,2023,"1,958 km",Left Hand,dubizzle cars,S 580,European Specs,Does not apply,Black,Perfect inside and out,Sedan,Perfect inside and out,8,Automatic Transmission,400 - 500 HP,Petrol,"['A decade of experience in Luxury car selling and buying. Every model for sale has been delivered to the highest level of quality standards. ', ' DESCRIPTION ']"
https://dubai.dubizzle.com/motors/used-cars/bmw/5-series/2023/6/26/aed3031month-2022-bmw-520i-20l-warranty-se-2-948---6e539ee9add546e19d1d9000e8a6e1f3//,"188,900 ",5-Series,BMW,2022,"21,135 km",Left Hand,dubizzle cars,520i,GCC Specs,Yes,Grey,Perfect inside and out,Sedan,Perfect inside and out,4,Automatic Transmission,100 - 200 HP,Petrol,"['Reference number: 75002 ', 'Starting from AED 2870 per month ']"
https://dubai.dubizzle.com/motors/used-cars/mercedes-benz/s-class/2023/8/7/mercedes-benz-s560-amg-kit-2020-gcc-under--2-339---d845eb08b513423688eea10190514434//,"369,000 ",S-Class,Mercedes-Benz,2020,"41,000 km",Left Hand,Drive to Deliver Motors Used Luxury Automobiles Trading L.L.C,S 560 4MATIC,GCC Specs,Yes,White,Perfect inside and out,Sedan,Perfect inside and out,6,Automatic Transmission,400 - 500 HP,Petrol,"['Under warranty From Agency  ', 'Free Service From Agency  ']"
https://dubai.dubizzle.com/motors/used-cars/bmw/x5/2023/7/24/aed-4999month-bmw-x5-40i-m-sport-warranty--2-038---320937ef745c4d689d1ce76da6b4dc4e//,"329,000 ",X5,BMW,2022,"27,000 km",Left Hand,VESLA MOTORS,40i M-Kit,GCC Specs,Yes,Grey,Perfect inside and out,SUV,Perfect inside and out,6,Automatic Transmission,300 - 400 HP,Petrol,"['AED 4,999/MONTH | BMW X5 40i M-SPORT | WARRANTY | SERVICE CONTRACT | FULL BMW HISTORY | GCC ', '—————————————- ']"
https://dubai.dubizzle.com/motors/used-cars/ford/expedition/2023/7/26/gcc-2018-xlt-4wd-v6-ecoboost-leather-seats-2-224---bc218cc1328946aab973c517a0db4f17//,"108,500 ",Expedition,Ford,2018,"98,285 km",Left Hand,N/A,XLT,GCC Specs,Yes,Grey,Perfect inside and out,SUV,Perfect inside and out,6,Automatic Transmission,300 - 400 HP,Petrol,"['REFERENCE #: VE3511 ', 'BRANCH ALLOCATED STOCKS: ']"
https://dubai.dubizzle.com/motors/used-cars/lexus/lx-series/2023/7/13/lexus-lx570-57-l-signature-2105029-2-704---e5e6b4a1ac5b414d80aca5950e62f474//,"339,990 ",LX-Series,Lexus,2019,"120,502 km",Left Hand,Al Futtaim Automall,Other,GCC Specs,Yes,Beige,Perfect inside and out,SUV,Perfect inside and out,8,Automatic Transmission,200 - 300 HP,Petrol,"['INTERNAL NUMBER: 2105029 ', 'This car comes with a comprehensive warranty and full history with no major accidents or repair. ']"
https://dubai.dubizzle.com/motors/used-cars/audi/a8/2023/7/13/audi-a8l-30-l-tfsi-2807801-2-730---49198e229bbd43a6ba851101560749ee//,"229,995 ",A8,Audi,2020,"74,273 km",Left Hand,Al Futtaim Automall,Other,GCC Specs,Yes,White,Perfect inside and out,Sedan,Perfect inside and out,6,Automatic Transmission,200 - 300 HP,Petrol,"['INTERNAL NUMBER: 2807801 ', 'This car comes with a comprehensive warranty and full history with no major accidents or repair. ']"
https://dubai.dubizzle.com/motors/used-cars/bmw/x7/2023/7/17/bmw-x7-30-msport-luxury-2-836---623a0cb5df2945eb8584e77f8ba499f5//,"389,995 ",X7,BMW,2022,"33,343 km",Right Hand,Al Futtaim Automall,xDrive50i Exclusive,GCC Specs,Yes,Grey,Perfect inside and out,SUV,Perfect inside and out,6,Automatic Transmission,400 - 500 HP,Petrol,"['This car comes with a comprehensive warranty for 12 months/20000 kms* and full history with no major accidents or repair. ', '•This car is GCC specifications & mileage certified. ']"
https://dubai.dubizzle.com/motors/used-cars/bmw/5-series/2023/7/18/bmw-520i-20l-executive2821815-2-695---9bb5ec1fa28140819ce6b1f324e680be//,"179,990 ",5-Series,BMW,2020,"22,034 km",Left Hand,Al Futtaim Automall,520i Executive,GCC Specs,Yes,Silver,Perfect inside and out,Sedan,Perfect inside and out,6,Automatic Transmission,200 - 300 HP,Petrol,"['This car comes with a comprehensive warranty for 12 months/20000 kms* and full history with no major accidents or repair. ', '•This car is GCC specifications & mileage certified. ']"
https://dubai.dubizzle.com/motors/used-cars/mercedes-benz/e-class/2023/7/18/mercedes-benz-e300amg-20l-2021ym2817529-2-021---86a6f00205844745a86dc0353216c411//,"264,990 ",E-Class,Mercedes-Benz,2021,"58,498 km",Left Hand,Al Futtaim Automall,E 300,GCC Specs,Yes,White,Perfect inside and out,Sedan,Perfect inside and out,4,Automatic Transmission,300 - 400 HP,Petrol,"['This car comes with a comprehensive warranty for 12 months/20000 kms* and full history with no major accidents or repair. ', '•This car is GCC specifications & mileage certified. ']"
https://dubai.dubizzle.com/motors/used-cars/bmw/2-series/2023/7/18/bmw-218i-msport-2-224---266d7379c4bc4e478551a5976d0b93e7//,"179,990 ",2-Series,BMW,2021,"45,631 km",Left Hand,Al Futtaim Automall,218i,GCC Specs,Yes,White,Perfect inside and out,Sedan,Perfect inside and out,3,Automatic Transmission,300 - 400 HP,Petrol,"['This car comes with a comprehensive warranty for 12 months/20000 kms* and full history with no major accidents or repair. ', '•This car is GCC specifications & mileage certified. ']"
https://dubai.dubizzle.com/motors/used-cars/gmc/sierra/2023/7/18/gmc-sierra-53l-sle-2022-ym2841068-2-300---58157e3d315e42e699b187e824ad65ae//,"189,990 ",Sierra,GMC,2022,"37,970 km",Left Hand,Al Futtaim Automall,1500,GCC Specs,Yes,White,Perfect inside and out,Utility Truck,Perfect inside and out,8,Automatic Transmission,400 - 500 HP,Petrol,"['This car comes with a comprehensive warranty for 12 months/20000 kms* and full history with no major accidents or repair. ', '•This car is GCC specifications & mileage certified. ']"
https://dubai.dubizzle.com/motors/used-cars/mercedes-benz/cls-class/2023/7/18/mercedes-cls350-amg-2021ym2834956-2-532---6c8201847f424d9880faf62955c71d8d//,"299,990 ",CLS-Class,Mercedes-Benz,2021,"73,366 km",Left Hand,Al Futtaim Automall,CLS 350,GCC Specs,Yes,White,Perfect inside and out,Sedan,Perfect inside and out,4,Automatic Transmission,300 - 400 HP,Petrol,"['This car comes with a comprehensive warranty for 12 months/20000 kms* and full history with no major accidents or repair. ', '•This car is GCC specifications & mileage certified. ']"
https://dubai.dubizzle.com/motors/used-cars/bmw/x3/2023/7/24/bmw-x3-20-xdrive-2019ym2828977-2-272---0a67efba3937428eb39747153e213b86//,"189,990 ",X3,BMW,2019,"40,127 km",Left Hand,Al Futtaim Automall,Xdrive30i,GCC Specs,Yes,White,Perfect inside and out,SUV,Perfect inside and out,4,Automatic Transmission,200 - 300 HP,Petrol,"['This car comes with a comprehensive warranty for 12 months/20000 kms* and full history with no major accidents or repair. ', '•This car is GCC specifications & mileage certified. ']"
https://dubai.dubizzle.com/motors/used-cars/chevrolet/tahoe/2023/7/26/chevrolet-tahoe-53-lt-2021ym2830618-2-668---1c18bed6dc5e44d68e4fd48f98efd40b//,"184,990 ",Tahoe,Chevrolet,2021,"62,891 km",Left Hand,Al Futtaim Automall,LT,GCC Specs,No,Black,Perfect inside and out,SUV,Perfect inside and out,8,Automatic Transmission,400 - 500 HP,Petrol,"['This car comes with a comprehensive warranty for 12 months/20000 kms* and full history with no major accidents or repair. ', '•This car is GCC specifications & mileage certified. ']"
https://dubai.dubizzle.com/motors/used-cars/mini/cooper/2023/7/26/mini-cooper-s-20-l-jcw-2843012-2-259---51666e0d5c7e4a2e900eadc6febc2791//,"154,990 ",Cooper,MINI,2021,"21,848 km",Left Hand,Al Futtaim Automall,Cooper S,GCC Specs,Yes,White,Perfect inside and out,Hatchback,Perfect inside and out,4,Automatic Transmission,Unknown,Petrol,"['INTERNAL NUMBER: 2843012 ', 'This car comes with a comprehensive warranty and full history with no major accidents or repair. ']"
https://dubai.dubizzle.com/motors/used-cars/jaguar/e-pace/2023/7/26/jaguar-e-pace-20-l-p200-2843111-2-307---0b215fece40343b08f9892931e5f5398//,"154,990 ",E-Pace,Jaguar,2019,"42,378 km",Left Hand,Al Futtaim Automall,SE,GCC Specs,No,Grey,Perfect inside and out,SUV,Perfect inside and out,4,Automatic Transmission,Unknown,Petrol,"['INTERNAL NUMBER: 2843111 ', 'This car comes with a comprehensive warranty and full history with no major accidents or repair. ']"
https://dubai.dubizzle.com/motors/used-cars/bmw/x4/2023/8/2/bmw-x4-20-l-xdrive-2824117-2-306---4be2576a54844de2ba26863609862a05//,"249,990 ",X4,BMW,2021,"22,856 km",Left Hand,Al Futtaim Automall,xDrive 30i,GCC Specs,Yes,White,Perfect inside and out,SUV,Perfect inside and out,4,Automatic Transmission,Unknown,Petrol,"['INTERNAL NUMBER: 2824117 ', 'This car comes with a comprehensive warranty and full history with no major accidents or repair. ']"
https://dubai.dubizzle.com/motors/used-cars/nissan/patrol/2023/8/2/nissan-patrol-56-l-le-platinum-2589501-2-178---c601e791f60645efaa61c279ae707c70//,"269,990 ",Patrol,Nissan,2021,"52,744 km",Left Hand,Al Futtaim Automall,Nismo,GCC Specs,Yes,Teal,Perfect inside and out,SUV,Perfect inside and out,8,Automatic Transmission,Unknown,Petrol,"['INTERNAL NUMBER: 2589501 ', 'This car comes with a comprehensive warranty and full history with no major accidents or repair. ']"
https://dubai.dubizzle.com/motors/used-cars/nissan/patrol/2023/8/2/nissan-patrol-40-l-se-platinum-2839639-2-263---3323ed8c331e46c2aa970d471edd3b29//,"254,990 ",Patrol,Nissan,2021,"61,144 km",Left Hand,Al Futtaim Automall,SE Platinum City,GCC Specs,Yes,Beige,Perfect inside and out,SUV,Perfect inside and out,6,Automatic Transmission,Unknown,Petrol,"['INTERNAL NUMBER: 2839639 ', 'This car comes with a comprehensive warranty and full history with no major accidents or repair. ']"
https://dubai.dubizzle.com/motors/used-cars/jeep/grand-cherokee/2023/8/2/jeep-grand-cherokee-36-l-limited-1930888-2-769---4ca6c905573847e38968aeb6eea558f3//,"124,995 ",Grand Cherokee,Jeep,2018,"80,088 km",Left Hand,Al Futtaim Automall,Limited,GCC Specs,Yes,Red,Perfect inside and out,SUV,Perfect inside and out,6,Automatic Transmission,Unknown,Petrol,"['INTERNAL NUMBER: 1930888 ', 'This car comes with a comprehensive warranty and full history with no major accidents or repair. ']"
https://dubai.dubizzle.com/motors/used-cars/land-rover/range-rover-sport/2023/7/29/land-rover-range-rover-sport-30-hse-2019ym-2-543---d97a5718de70457f997d1936a2c6ca28//,"274,990 ",Range Rover Sport,Land Rover,2019,"81,615 km",Left Hand,Al Futtaim Automall,HSE,GCC Specs,Yes,White,Perfect inside and out,SUV,Perfect inside and out,6,Automatic Transmission,300 - 400 HP,Petrol,"['This car comes with a comprehensive warranty for 12 months/20000 kms* and full history with no major accidents or repair. ', '•This car is GCC specifications & mileage certified. ']"
https://dubai.dubizzle.com/motors/used-cars/bmw/x6/2023/6/30/bmw-x6-50i-m-gcc-under-warranty-2-448---16c8eb4a0a4a4145be46c6cca5f747ed//,"155,000 ",X6,BMW,2018,"100,000 km",Left Hand,EMPIRE USED AUTOMOBILE TRADING ONE PERSON COMPANY LLC,Xdrive50i,GCC Specs,Yes,Grey,Perfect inside and out,SUV,Perfect inside and out,8,Automatic Transmission,400 - 500 HP,Petrol,"['BMW X6 50i M ', '———————— ']"
https://dubai.dubizzle.com/motors/used-cars/mercedes-benz/gle-coupe/2023/7/3/mercedes-gle63-amg-coupe-gcc-low-mileage-u-2-886---d39f361b23c244408dbd9d2b169a685b//,"245,000 ",GLE Coupe,Mercedes-Benz,2017,"77,000 km",Left Hand,EMPIRE USED AUTOMOBILE TRADING ONE PERSON COMPANY LLC,GLE 63 S AMG,GCC Specs,Yes,White,Perfect inside and out,SUV,Perfect inside and out,8,Automatic Transmission,400 - 500 HP,Petrol,"['MERCEDES GLE63 AMG COUPE ', '———————— ']"
https://dubai.dubizzle.com/motors/used-cars/mercedes-benz/g-class/2023/7/18/mercedes-g63-amg-brabus-kit-germany-under--2-981---6af7b204dcfa4e5ca2445fc216a23cac//,"640,000 ",G-Class,Mercedes-Benz,2019,"60,000 km",Left Hand,EMPIRE USED AUTOMOBILE TRADING ONE PERSON COMPANY LLC,G 63 AMG,European Specs,Yes,White,Perfect inside and out,SUV,Perfect inside and out,8,Automatic Transmission,500 - 600 HP,Petrol,"['MERCEDES G63 AMG BRABUS KIT ', '———————— ']"
https://dubai.dubizzle.com/motors/used-cars/mercedes-benz/s-class/2023/7/18/mercedes-s580-large-germany-under-warranty-2-983---8faa7cdd8116440d8b941322476396d8//,"625,000 ",S-Class,Mercedes-Benz,2023,10 km,Left Hand,EMPIRE USED AUTOMOBILE TRADING ONE PERSON COMPANY LLC,S 580,European Specs,Yes,Black,Perfect inside and out,Sedan,Perfect inside and out,8,Automatic Transmission,400 - 500 HP,Petrol,"['MERCEDES S580 LARGE ', '———————— ']"
https://dubai.dubizzle.com/motors/used-cars/jaguar/xj-series/2023/7/26/jaguar-xj-l-v6-gcc-2-441---957e9d49d7c946dab95640fecbb2a815//,"45,000 ",XJ-Series,Jaguar,2014,"154,000 km",Left Hand,EMPIRE USED AUTOMOBILE TRADING ONE PERSON COMPANY LLC,Luxury,GCC Specs,Yes,Black,Perfect inside and out,Sedan,Perfect inside and out,6,Automatic Transmission,300 - 400 HP,Petrol,"['JAGUAR XJ-L ', '———————— ']"
https://dubai.dubizzle.com/motors/used-cars/cadillac/escalade/2023/7/8/2021-cadillac-escalade-600-sport-platinum--2-293---f5df539e95f64f11ad01b742a55853be//,"469,000 ",Escalade,Cadillac,2021,"3,467 km",Left Hand,Car Vault,Platinum,GCC Specs,Yes,Red,Perfect inside and out,SUV,Perfect inside and out,8,Automatic Transmission,400 - 500 HP,Petrol,"['A decade of experience in Luxury car selling and buying. Every model for sale has been delivered to the highest level of quality standards. ', ' DESCRIPTION ']"
https://dubai.dubizzle.com/motors/used-cars/mercedes-benz/gls-class/2023/5/23/2022-mercedes-benz-gls-63-amg-gcc-spec-wit-2-257---a2ad45f5fa544896997ca3e13d404a52//,"699,000 ",GLS-Class,Mercedes-Benz,2022,"9,522 km",Left Hand,Car Vault,GLS 63 AMG,GCC Specs,Yes,White,Perfect inside and out,SUV,Perfect inside and out,8,Automatic Transmission,600 - 700 HP,Petrol,"['A decade of experience in Luxury car selling and buying. Every model for sale has been delivered to the highest level of quality standards. ', 'DESCRIPTION ']"
https://dubai.dubizzle.com/motors/used-cars/mercedes-benz/g-class/2022/8/18/2022-mercedes-benz-g63-amg-gcc-spec-with-w-2-462---9aa3e4625f074b0fac28ff24ea6a9a22//,"999,000 ",G-Class,Mercedes-Benz,2022,57 km,Left Hand,Car Vault,G 63 AMG,GCC Specs,Yes,Blue,Perfect inside and out,SUV,Perfect inside and out,8,Automatic Transmission,500 - 600 HP,Petrol,"['A decade of experience in Luxury car selling and buying. Every model for sale has been delivered to the highest level of quality standards. ', 'DESCRIPTION ']"
https://dubai.dubizzle.com/motors/used-cars/lamborghini/urus/2023/7/26/lamborghini-urus-gcc-under-warranty-2-975---c52805a4cec945aebdd2af68aa56c487//,"899,000 ",Urus,Lamborghini,2021,"80,000 km",Left Hand,EMPIRE USED AUTOMOBILE TRADING ONE PERSON COMPANY LLC,Standard,GCC Specs,Yes,Red,Perfect inside and out,SUV,Perfect inside and out,8,Automatic Transmission,600 - 700 HP,Petrol,"['LAMBORGHINI URUS ', '———————— ']"
https://dubai.dubizzle.com/motors/used-cars/mercedes-benz/e-class/2023/6/30/mercedes-e450-v6-amg-convertible-usa-under-2-433---8a7ae318f483467bb0bde684a3c6e839//,"290,000 ",E-Class,Mercedes-Benz,2022,"9,000 km",Left Hand,EMPIRE USED AUTOMOBILE TRADING ONE PERSON COMPANY LLC,E450,American Specs,Yes,Black,Perfect inside and out,Soft Top Convertible,Perfect inside and out,6,Automatic Transmission,200 - 300 HP,Petrol,"['Mercedes E450 V6 AMG Convertible ', '———————— ']"
https://dubai.dubizzle.com/motors/used-cars/rolls-royce/cullinan/2023/7/20/black-badge-bespoke-audio-vip-seats-4-year-2-156---6675eb11fb914033a6060421fcbc8d4a//,"2,590,000 ",Cullinan,Rolls Royce,2023,100 km,Left Hand,Exotic Cars (L L C),Standard,GCC Specs,Yes,Black,Perfect inside and out,SUV,Perfect inside and out,12,Automatic Transmission,500 - 600 HP,Petrol,"['Feel free to contact us for more information. ', 'Come visit our new location at ']"
https://dubai.dubizzle.com/motors/used-cars/bentley/continental-flying-spur/2023/6/19/2020-bentley-flying-spur-v12-p616-gcc-spec-2-766---9830f584bb644c94b28866cf0e575b47//,"765,000 ",Continental Flying Spur,Bentley,2020,"20,000 km",Left Hand,111 Motors,Other,GCC Specs,Yes,Grey,Perfect inside and out,Sedan,Perfect inside and out,12,Automatic Transmission,600 - 700 HP,Petrol,"[""2020 Bentley Fluing Spur V12 P616 GCC Specs for sale in Dubai. Available from 111 Motors for Used Automobile Trading Co L.L.C For more details and price about cars please don't hesitate to contact us Showroom : Show Phone Number "", 'Sales : ']"
https://dubai.dubizzle.com/motors/used-cars/porsche/cayenne/2023/4/30/2023-porsche-cayenne-v6-p335-30l-gcc-specs-2-296---0e9d8fd2117746018262652642fbb504//,"425,000 ",Cayenne,Porsche,2023,0 km,Left Hand,111 Motors,Standard,GCC Specs,Yes,Black,Perfect inside and out,SUV,Perfect inside and out,6,Automatic Transmission,300 - 400 HP,Petrol,"[""2023 Porsche Cayenne V6 P335 3.0L GCC Specs With Warranty for sale in Dubai. Available from 111 Motors for Used Automobile Trading Co L.L.C For more details and price about cars please don't hesitate to contact us Showroom : Show Phone Number "", 'Sale ']"
https://dubai.dubizzle.com/motors/used-cars/land-rover/range-rover-evoque/2023/8/9/gcc-hurryyyy-only-aed-2240-month-excellent-2-789---e91fbf2ec487454da8486bff1a31cf13//,"129,950 ",Range Rover Evoque,Land Rover,2018,"139,000 km",Left Hand,Drive Motors Showroom (L.L.C),Dynamic,GCC Specs,Yes,Grey,Perfect inside and out,SUV,Perfect inside and out,4,Automatic Transmission,100 - 200 HP,Petrol,"['****************************************************************** ', '*** OFFER FOR THIS MONTH *** ']"
https://dubai.dubizzle.com/motors/used-cars/audi/q8/2023/7/28/2023-model-audi-q8-55-tfsi-quattro-s-line--2-952---ae942b0b85dd4e20a994e0562eb8bba0//,"302,000 ",Q8,Audi,2023,0 km,Left Hand,FOREX MOTORS FZCO,S-Line,European Specs,Does not apply,Black,Perfect inside and out,SUV,Perfect inside and out,6,Automatic Transmission,300 - 400 HP,Petrol,"['**TO BE NOTED** :- FOR LOCAL REGISTRATION ADDITIONAL VAT AND DUTIES WILL APPLY ', '2023 MODEL AUDI Q8 55 TFSI QUATTRO S-LINE V6 3.0L AWD 5-SEATER AUTOMATIC-EURO 6     ']"
https://dubai.dubizzle.com/motors/used-cars/toyota/camry/2023/8/1/2023-model-toyota-camry-gle-x-25l-petrol-a-2-814---089c774cf65d41d7a31df3cec0ecb833//,"112,000 ",Camry,Toyota,2023,0 km,Left Hand,FOREX MOTORS FZCO,Other,GCC Specs,Does not apply,White,Perfect inside and out,Sedan,Perfect inside and out,4,Automatic Transmission,200 - 300 HP,Petrol,"['**TO BE NOTED** :- FOR LOCAL REGISTRATION ADDITIONAL VAT AND DUTIES WILL APPLY ', '2023 MODEL TOYOTA CAMRY GLE-X 2.5L PETROL AUTOMATIC ']"
https://dubai.dubizzle.com/motors/used-cars/toyota/tundra/2023/7/29/2023-model-toyota-tundra-crewmax-capstone--2-087---d37c7f065d6041d9b98a06b206b633d6//,"334,000 ",Tundra,Toyota,2023,0 km,Left Hand,FOREX MOTORS FZCO,Other,Canadian Specs,Does not apply,White,Perfect inside and out,Pick Up Truck,Perfect inside and out,6,Automatic Transmission,300 - 400 HP,Hybrid,"['**TO BE NOTED** :- FOR LOCAL REGISTRATION ADDITIONAL VAT AND DUTIES WILL APPLY ', '2023 MODEL TOYOTA TUNDRA CREWMAX CAPSTONE HYBRID V6 3.5L TURBO 4WD 5 SEAT AUTOMATIC ']"
https://dubai.dubizzle.com/motors/used-cars/bentley/continental-flying-spur/2023/7/26/bentley-flying-spur-2015-gcc-2-829---77275adb448f49d98712fae18bfad3a9//,"254,000 ",Continental Flying Spur,Bentley,2015,"39,000 km",Left Hand,Formula Motors L.L.C,Other,GCC Specs,Does not apply,Silver,Perfect inside and out,Sedan,Perfect inside and out,12,Automatic Transmission,Unknown,Petrol,"['trustworthy car dealership ” ', 'Welcome to Formula Motors Dubai! We are dealing the wide range of leading car dealership for brands new & used Luxury cars& Sports cars in Dubai UAE . Our product range extends from low cost budget vehicles ']"
https://dubai.dubizzle.com/motors/used-cars/mercedes-benz/g-class/2023/3/21/mercedes-g-63-double-night-package-2-654---6b971a25fc774c05bf4436b0f33799cc//,"1,150,000 ",G-Class,Mercedes-Benz,2023,597 km,Left Hand,Dourado Luxury Car Used Trading One Person Trading L.L.C,G 63 AMG,European Specs,Does not apply,Green,Perfect inside and out,SUV,Perfect inside and out,8,Automatic Transmission,500 - 600 HP,Petrol,"['Mercedes-Benz G-Class AMG Double Night package selected exterior elements are finished in high-gloss black. As such – depending on the selected paint colour – this results in either strong contrasts or flowing transitions.  ', 'Year 2023  ']"
https://dubai.dubizzle.com/motors/used-cars/land-rover/range-rover/2023/7/17/range-rover-autobiography-p530-2-749---43ed79b1a51e478592162e2ad59d7d1f//,"945,000 ",Range Rover,Land Rover,2023,214 km,Left Hand,Dourado Luxury Car Used Trading One Person Trading L.L.C,Autobiography,European Specs,Does not apply,Black,Perfect inside and out,SUV,Perfect inside and out,8,Automatic Transmission,500 - 600 HP,Petrol,"['Range Rover Autobiography is a luxury car first and an off-roader second. It has a plush interior, boasts impressive levels of equipment, and road noise is almost non-existent.  ', 'YEAR 2023 ']"
https://dubai.dubizzle.com/motors/used-cars/land-rover/defender/2023/8/1/land-rover-defender-lumma-clr-ld-2-207---41a060de52a54368abb8840370274c3a//,"645,000 ",Defender,Land Rover,2022,14 km,Left Hand,Dourado Luxury Car Used Trading One Person Trading L.L.C,Other,European Specs,Does not apply,Grey,Perfect inside and out,SUV,Perfect inside and out,6,Automatic Transmission,400 - 500 HP,Petrol,"[""Defender is the most hardcore all-terrain vehicle in the Land Rover line-up, but it's still more refined than competing SUVs that include the Ford Bronco and Jeep Wrangler. "", 'Year 2022 ']"
https://dubai.dubizzle.com/motors/used-cars/land-rover/range-rover-sport/2023/1/21/range-rover-sport-hse-2019-gcc-2-903---b6c2f6d2e8d748f0b801504f82f7074d//,"259,000 ",Range Rover Sport,Land Rover,2019,"100,000 km",Left Hand,Formula Motors L.L.C,HSE,GCC Specs,Yes,Black,Perfect inside and out,SUV,Perfect inside and out,6,Automatic Transmission,Unknown,Petrol,"['“To become the leading, most fair and trustworthy car dealership ” ', 'Welcome to Formula Motors Dubai! We are dealing the wide range of leading car dealership for brands new & used Luxury cars& Sports cars in Dubai UAE . Our product range ']"
https://dubai.dubizzle.com/motors/used-cars/mercedes-benz/gle-class/2023/7/15/6754-pm-gle-53-amg-0-downpayment-excellent-2-078---cd9555eb2f384de6b6a65973750176fc//,"342,999 ",GLE-Class,Mercedes-Benz,2021,"47,000 km",Left Hand,Alba Cars,GLE 53,Other,Yes,Grey,Perfect inside and out,SUV,Perfect inside and out,6,Automatic Transmission,400 - 500 HP,Petrol,"['Mercedes-Benz GLE 53 ', '———————— ']"
https://dubai.dubizzle.com/motors/used-cars/maserati/levante/2023/7/29/3407-pm-levante-s-0-downpayment-perfect-co-2-007---dd89d2ed65f84e309143a3f4a1b05afe//,"173,999 ",Levante,Maserati,2017,"80,000 km",Left Hand,Alba Cars,Other,GCC Specs,Yes,Grey,Perfect inside and out,SUV,Perfect inside and out,6,Automatic Transmission,400 - 500 HP,Petrol,"['Maserati Levante S ', '———————— ']"
https://dubai.dubizzle.com/motors/used-cars/mercedes-benz/e-class/2023/7/28/2350-pm-e-200-amg-0-downpayment-excellent--2-389---6571ecfddb4b431f96c8e49017b8a8a2//,"119,999 ",E-Class,Mercedes-Benz,2017,"155,000 km",Left Hand,Alba Cars,E 200,GCC Specs,Yes,Red,Perfect inside and out,Sedan,Perfect inside and out,4,Automatic Transmission,100 - 200 HP,Petrol,"['Mercedes-Benz E 200 AMG ', '———————— ']"
https://dubai.dubizzle.com/motors/used-cars/land-rover/range-rover/2023/7/27/res-range-rover-vogue-se-supercharged-imma-2-898---73a8ebc1c60b44f193986157eec08bea//,"184,900 ",Range Rover,Land Rover,2016,"86,000 km",Left Hand,Alba Cars,Vogue SE,GCC Specs,Yes,Blue,Perfect inside and out,SUV,Perfect inside and out,8,Automatic Transmission,500 - 600 HP,Petrol,"['Land Rover Range Rover Vogue SE Supercharged ', '———————— ']"
https://dubai.dubizzle.com/motors/used-cars/lamborghini/urus/2023/7/27/lamborghini-urus-2022-2-902---e72d028a4e6d4d71b47533865dc7399d//,"1,340,000 ",Urus,Lamborghini,2022,"1,000 km",Left Hand,ULTIMATE MOTORS LLC,Standard,GCC Specs,Yes,Grey,Perfect inside and out,SUV,Perfect inside and out,8,Automatic Transmission,600 - 700 HP,Petrol,"['Lamborghini Certified Pre-Owned (Selezione Program) Car from the Authorised Dealer for Dubai & Abu Dhabi ', '- Manufacturer Warranty valid till: 24 Feb, 2026 ']"
https://dubai.dubizzle.com/motors/used-cars/hyundai/santa-fe/2023/7/19/hyundai-santafe-v6-33l-gcc-car-midoption-f-2-684---6e9b07b41e584e138fda2f48d9aeb63d//,"59,000 ",Santa Fe,Hyundai,2018,"40,600 km",Left Hand,MILAN MOTORS LLC,GLS,GCC Specs,No,White,Perfect inside and out,SUV,Perfect inside and out,6,Automatic Transmission,200 - 300 HP,Petrol,"['HYUNDAI SANTAFE V6 3.3L GCC CAR ', 'MODEL.2018 KM.40600 PRICE 59000 ']"
https://dubai.dubizzle.com/motors/used-cars/chevrolet/suburban/2023/4/24/gcc-chevrolet-suburban-2022-lt-under-warra-2-914---e0660da3eaf54955ad36e0386ebdc594//,"239,000 ",Suburban,Chevrolet,2022,"45,500 km",Left Hand,Elite Cars,1LT,GCC Specs,Yes,Beige,Perfect inside and out,SUV,Perfect inside and out,8,Automatic Transmission,300 - 400 HP,Petrol,"['Chevrolet Suburban 2022 LT. ', 'GCC, Full service history. ']"
https://dubai.dubizzle.com/motors/used-cars/land-rover/range-rover/2023/8/7/2023-new-range-rover-sv-hybrid-executive-r-2-250---d5895edead3a4dd29c0eeb496e2f6cdb//,"1,150,000 ",Range Rover,Land Rover,2023,19 km,Left Hand,Elite Cars,Other,Other,Yes,Blue,Perfect inside and out,SUV,Perfect inside and out,6,Automatic Transmission,400 - 500 HP,Hybrid,"['REF NUMBER: E238326 ', 'The Elite Cars, one of the leading car dealerships in the UAE, takes pride in their selection of the most exclusive and sought-after vehicles from the world’s legendary marques. ']"
https://dubai.dubizzle.com/motors/used-cars/jeep/grand-cherokee/2023/7/27/jeep-grand-cherokee-limited-full-option-gc-2-712---bf76610b213943aa907f441a55471eaf//,"125,000 ",Grand Cherokee,Jeep,2019,"52,000 km",Left Hand,Barugzai Motors L.L.C - F.Z,Limited,GCC Specs,Yes,Burgundy,Perfect inside and out,SUV,Perfect inside and out,6,Automatic Transmission,300 - 400 HP,Petrol,"['Jeep Grand Cherokee  ', 'Limited  ']"
https://dubai.dubizzle.com/motors/used-cars/rolls-royce/cullinan/2023/4/15/2021-rolls-royce-cullinan-gcc-rear-seat-en-2-900---caf37047ba80412197e38776e3602a75//,"1,899,000 ",Cullinan,Rolls Royce,2021,"1,052 km",Left Hand,Elite Cars Abu Dhabi,Standard,GCC Specs,Yes,Grey,Perfect inside and out,SUV,Perfect inside and out,12,Automatic Transmission,500 - 600 HP,Petrol,"['REF NUMBER: C232539 ', 'The Elite Cars, one of the leading car dealerships in the UAE, takes pride in their selection of the most exclusive and sought-after vehicles from the world’s legendary marques. ']"
https://dubai.dubizzle.com/motors/used-cars/mercedes-benz/v-class/2023/5/17/2022-v250-vip-eleganza-edition-mercedes-be-2-218---911301d0e8c84225a4005419826471d9//,"349,000 ",V-Class,Mercedes-Benz,2022,66 km,Left Hand,Auto Bank Used Cars Trading L.L.C,V 250,GCC Specs,Yes,Black,Perfect inside and out,Van,Perfect inside and out,4,Automatic Transmission,200 - 300 HP,Petrol,"['2022 Mercedes-Benz V-Class V250 VIP ', 'Trim: Extra Long ']"
https://dubai.dubizzle.com/motors/used-cars/jetour/x70/2022/11/15/2023-brand-new-jetour-x70-plus-gcc-specs-w-2-711---ce83ca641c914240a082a00936944317//,"89,000 ",X70,Jetour,2024,18 km,Left Hand,The Dealer's Point,Plus Comfort,GCC Specs,Yes,Grey,Perfect inside and out,SUV,Perfect inside and out,4,Automatic Transmission,100 - 200 HP,Petrol,"['Jetour is exclusively partnered with The Elite Cars for the UAE.  ', 'This exclusive partnership brings over 25 years of combined formidable experience in the automotive industry and remarkable global market performance, therefore bringing quality ']"
https://dubai.dubizzle.com/motors/used-cars/mercedes-benz/cla/2023/8/8/mercedes-benz-cla200-model-2022-km-18000-n-2-616---d3986d1de35244be94a301478dfa867f//,"185,000 ",CLA,Mercedes-Benz,2022,"18,000 km",Left Hand,Mohammad Waheed Used Cars Tr L L C,CLA200,European Specs,No,White,Perfect inside and out,Sedan,Perfect inside and out,4,Automatic Transmission,200 - 300 HP,Petrol,"['Mercedes Benz CLA200 ', 'Model 2022 ']"
https://dubai.dubizzle.com/motors/used-cars/porsche/carrera/2023/7/28/porsche-911-carrera-4s-38l-2007-soft-top-w-2-584---866fc68097dc4239a89e463dd33faf85//,"149,900 ",Carrera / 911,Porsche,2007,"89,195 km",Left Hand,VIP Motors L.L.C,Carrera 4S Cabriolet,Japanese Specs,Does not apply,Blue,Perfect inside and out,Soft Top Convertible,Perfect inside and out,6,Automatic Transmission,300 - 400 HP,Petrol,"['PORSCHE 911 CARRERA 4S 3.8L 2007. ', '*Nothing to spend on it, just buy and drive. ']"
https://dubai.dubizzle.com/motors/used-cars/mercedes-benz/v-class/2023/8/8/mercedes-benz-viano-v-250-2024-gcc-0km-chr-2-423---9b1bd6e194e643cfbe5bad1761082723//,"315,000 ",V-Class,Mercedes-Benz,2023,0 km,Left Hand,VIP Motors L.L.C,V 250,GCC Specs,Yes,Black,Perfect inside and out,Van,Perfect inside and out,4,Automatic Transmission,200 - 300 HP,Petrol,"['The Mercedes-Benz Viano V 250 is luxurious multi-purpose vehicle. It offers a spacious interior with comfortable leather seats and a separate rear air conditioning system for enhanced passenger comfort.  ', 'The vehicle is equipped with advanced f ']"
https://dubai.dubizzle.com/motors/used-cars/mercedes-benz/s-class/2023/3/17/mercedes-benz-s580-4matic-2022-high-specs--2-553---4aca33b10c6e4aafaa500307e7727fb4//,"550,000 ",S-Class,Mercedes-Benz,2022,"20,000 km",Left Hand,BILGRUPPEN USED AUTOMOBILE TRADING L.L.C,S 580,European Specs,No,Black,Perfect inside and out,Sedan,Perfect inside and out,8,Automatic Transmission,400 - 500 HP,Petrol,"[' Offer Now !! ', 'Mercedes Benz S580 - 2022 - Full Options - Perfect Condition  ']"
https://dubai.dubizzle.com/motors/used-cars/toyota/hiace/2023/7/31/toyota-hiace-30l-15-str-2023-sr-bsci-mt-ds-2-570---678b8cf8eafc4ab2b4f2c7684dc1c99c//,"94,500 ",Hiace,Toyota,2023,0 km,Left Hand,Mizdawy motors LLC,Other,Other,No,White,Perfect inside and out,Other,Perfect inside and out,4,Automatic Transmission,100 - 200 HP,Diesel,"['  ', 'TOYOTA HIACE 3.0L 15-STR 2023 S/R BSC(i) M/T DSL ']"
https://dubai.dubizzle.com/motors/used-cars/honda/cr-v/2023/7/29/2020-honda-cr-v-touring-2-581---976ca39950eb4713b1077c5a7749b37f//,"112,000 ",CR-V,Honda,2020,"32,000 km",Left Hand,Elite Cars,Touring,GCC Specs,Yes,Black,Perfect inside and out,SUV,Perfect inside and out,4,Automatic Transmission,Unknown,Petrol,"['2020 Honda CR-V Touring Low Klmtrs ', 'Accident Free Original Paint ']"
https://dubai.dubizzle.com/motors/used-cars/mercedes-benz/g-class/2023/7/31/2020-mercedes-amg-g63-night-package-i-i-bu-2-187---f7d891f6308842d0b5cbd6cc6c0d6c75//,"749,000 ",G-Class,Mercedes-Benz,2020,"32,798 km",Left Hand,Elite Cars,G 63 AMG,Other,No,Black,Perfect inside and out,SUV,Perfect inside and out,8,Automatic Transmission,500 - 600 HP,Petrol,"['REF NUMBER: E238313 ', 'The Elite Cars, one of the leading car dealerships in the UAE, takes pride in their selection of the most exclusive and sought-after vehicles from the world’s legendary marques. ']"
https://dubai.dubizzle.com/motors/used-cars/land-rover/range-rover/2023/7/6/2023-new-range-rover-autobiography-lwb-p53-2-943---af60327699a04b9290ab014740a3923c//,"1,050,000 ",Range Rover,Land Rover,2023,34 km,Left Hand,99 Motors LLC,Autobiography,GCC Specs,Yes,Green,Perfect inside and out,SUV,Perfect inside and out,8,Automatic Transmission,500 - 600 HP,Petrol,"['REF NUMBER: E238000 ', 'The Elite Cars, one of the leading car dealerships in the UAE, takes pride in their selection of the most exclusive and sought-after vehicles from the world’s legendary marques. ']"
https://dubai.dubizzle.com/motors/used-cars/porsche/panamera/2023/7/30/porsche-panamera-4s-2013-gcc-v8-fully-load-2-609---daa52b14a96f4c5b95d364c7c7f2a145//,"82,000 ",Panamera,Porsche,2013,"96,000 km",Left Hand,Automall Motors F.Z.C,4S,GCC Specs,No,White,Perfect inside and out,Sedan,Perfect inside and out,8,Automatic Transmission,300 - 400 HP,Petrol,"['Super clean car Like new  ', 'Very well maintained recently Full service done  ']"
https://dubai.dubizzle.com/motors/used-cars/land-rover/range-rover/2023/7/28/range-vogue-2014-gcc-fully-loaded-options--2-756---2f08eac9e0d8470297883542b95367df//,"98,000 ",Range Rover,Land Rover,2014,"161,000 km",Left Hand,Automall Motors F.Z.C,Vogue,GCC Specs,No,White,Perfect inside and out,SUV,Perfect inside and out,8,Automatic Transmission,200 - 300 HP,Petrol,"['Very clean car inside and outside  ', 'Well maintained recently full service done  ']"
https://dubai.dubizzle.com/motors/used-cars/lexus/ls-series/2023/7/28/lexus-ls-460l-2017-top-option-super-clean--2-029---4dedc6ea71ad4eac984c14a5893df43a//,"95,000 ",LS-Series,Lexus,2017,"36,000 km",Left Hand,Prestige Motors LLC,Full Option (long),American Specs,No,Silver,Perfect inside and out,Sedan,Perfect inside and out,8,Automatic Transmission,300 - 400 HP,Petrol,"['Very clean car inside and outside  ', 'Well maintained  ']"
https://dubai.dubizzle.com/motors/used-cars/ferrari/f8-tributo/2022/12/25/ferrari-f8-tributo-2021-gcc-7-years-warran-2-542---82c04b4cb3084572a6859b5a21bc915b//,"1,033,000 ",F8 Tributo,Ferrari,2021,"7,900 km",Left Hand,Mohammad Al Karak Used Cars Trading CO. L.L.C,Other,GCC Specs,No,Blue,Perfect inside and out,Coupe,Perfect inside and out,8,Automatic Transmission,600 - 700 HP,Petrol,"['FERRARI F8 TRIBUTO 2021 ', 'GCC Specification ']"
https://dubai.dubizzle.com/motors/used-cars/bentley/bentayga/2023/4/14/bentley-bentayga-2021-gcc-warranty-fully-l-2-584---471788aeb7cc4a3cbd23b6a6a1c6bebc//,"769,000 ",Bentayga,Bentley,2021,"39,000 km",Left Hand,Mohammad Al Karak Used Cars Trading CO. L.L.C,Signature,GCC Specs,Yes,Black,Perfect inside and out,SUV,Perfect inside and out,8,Automatic Transmission,400 - 500 HP,Petrol,"['MOHAMMED AL-KARAK SHOWROOM DUBAI - RAS AL KHOR - AUTO MARKET - SHOWROOM NO. 22  ', 'BANK DOCUMENTS FOR FINANCING FROM ALL BANK ']"
https://dubai.dubizzle.com/motors/used-cars/ferrari/roma/2023/4/3/ferrari-roma-2022-nero-dytona-original-pai-2-030---580920987549416ca293b1306f4560f5//,"849,000 ",Roma,Ferrari,2021,"7,200 km",Left Hand,Mohammad Al Karak Used Cars Trading CO. L.L.C,Other,European Specs,No,Black,Perfect inside and out,Sports Car,Perfect inside and out,6,Automatic Transmission,400 - 500 HP,Petrol,"['MOHAMMED AL-KARAK SHOWROOM DUBAI - RAS AL KHOR - AUTO MARKET - SHOWROOM NO. 22  ', 'BANK DOCUMENTS FOR FINANCING FROM ALL BANK ']"
https://dubai.dubizzle.com/motors/used-cars/rolls-royce/cullinan/2023/6/23/rolls-royce-cullinan-2020-gcc-dealer-warra-2-670---f19f1946d2814f32ba44dcd44cdac407//,"1,299,000 ",Cullinan,Rolls Royce,2020,"101,000 km",Left Hand,Mohammad Al Karak Used Cars Trading CO. L.L.C,Other,GCC Specs,Yes,White,Perfect inside and out,SUV,Perfect inside and out,12,Automatic Transmission,600 - 700 HP,Petrol,"['MOHAMMED AL-KARAK SHOWROOM DUBAI - RAS AL KHOR - AUTO MARKET - SHOWROOM NO. 22    ', 'BANK DOCUMENTS FOR FINANCING FROM ALL BANK   ']"
https://dubai.dubizzle.com/motors/used-cars/land-rover/range-rover/2023/5/31/range-rover-vouge-p530-first-edition-2022--2-216---5854352d41be471fb67cc9c76b319aa0//,"795,000 ",Range Rover,Land Rover,2022,"10,000 km",Left Hand,Elite Cars Abu Dhabi,Other,GCC Specs,Yes,Brown,Perfect inside and out,SUV,Perfect inside and out,8,Automatic Transmission,500 - 600 HP,Petrol,"['MOHAMMED AL-KARAK SHOWROOM DUBAI - RAS AL KHOR - AUTO MARKET - SHOWROOM NO. 22 ', 'BANK DOCUMENTS FOR FINANCING FROM ALL BANK ']"
https://dubai.dubizzle.com/motors/used-cars/land-rover/range-rover-velar/2023/6/7/brand-new-2023-range-rover-velar-s-p250-r--2-785---53fd7fd6b6994fa5a5468d5dcc5c37c6//,"359,000 ",Range Rover Velar,Land Rover,2023,20 km,Left Hand,Elite Cars Abu Dhabi,R-Dynamic,Other,Yes,Black,Perfect inside and out,SUV,Perfect inside and out,4,Automatic Transmission,200 - 300 HP,Petrol,"['Reference Number: C230192 ', 'The Elite Cars, one of the leading car dealerships in the UAE, takes pride in their selection of the most exclusive and sought-after vehicles from the world’s legendary marques. ']"
https://dubai.dubizzle.com/motors/used-cars/land-rover/defender/2023/5/12/brand-new-2023-land-rover-defender-110-p40-2-028---5fcaf6d80ad84ffb9b8a58aab13406b5//,"449,000 ",Defender,Land Rover,2023,11 km,Left Hand,Elite Cars Abu Dhabi,110,Other,Yes,Green,Perfect inside and out,SUV,Perfect inside and out,6,Automatic Transmission,400 - 500 HP,Petrol,"['Reference Number: C230162 ', 'The Elite Cars, one of the leading car dealerships in the UAE, takes pride in their selection of the most exclusive and sought-after vehicles from the world’s legendary marques. ']"
https://dubai.dubizzle.com/motors/used-cars/land-rover/range-rover-sport/2023/3/25/brand-new-2022-sport-autobiography-p525-l--2-276---7f4f0f75ca204de584054dbbec66f349//,"529,000 ",Range Rover Sport,Land Rover,2022,21 km,Left Hand,McLaren Qualified,Autobiography,Other,Yes,Grey,Perfect inside and out,SUV,Perfect inside and out,8,Automatic Transmission,500 - 600 HP,Petrol,"['Reference Number:  C230135 ', 'The Elite Cars, one of the leading car dealerships in the UAE, takes pride in their selection of the most exclusive and sought-after vehicles from the world’s legendary marques. ']"
https://dubai.dubizzle.com/motors/used-cars/lamborghini/aventador/2023/7/12/2019-lamborghini-aventador-s-roadster-2-664---2a40220d2c4c423795f482c8b463cadd//,"1,199,000 ",Aventador,Lamborghini,2019,"48,316 km",Left Hand,Elite Cars,Other,GCC Specs,Yes,Blue,Perfect inside and out,Hard Top Convertible,Perfect inside and out,12,Automatic Transmission,700 - 800 HP,Petrol,"['REF NUMBER: E237898 ', 'The Elite Cars, one of the leading car dealerships in the UAE, takes pride in their selection of the most exclusive and sought-after vehicles from the world’s legendary marques. ']"
https://dubai.dubizzle.com/motors/used-cars/chevrolet/trax/2023/5/20/chevrolet-trax-lt-2017-model-gcc-specs-cru-2-055---0b48d810cfcf43d893979504dbba55b4//,"30,500 ",Trax,Chevrolet,2017,"122,000 km",Left Hand,Top Line Motors (L.L.C),LT,GCC Specs,No,Red,Perfect inside and out,Crossover,Perfect inside and out,4,Automatic Transmission,100 - 200 HP,Petrol,"['Cheverlot Trax LT Option Gulf Specifications 2017 New shape Model in brand new condition ', 'A Beautiful, Clean and Mint Condition Cheverlot Trax LT for sale  ']"
https://dubai.dubizzle.com/motors/used-cars/land-rover/range-rover-sport/2023/6/6/2023-new-range-rover-sport-hse-dynamic-p40-2-293---508257d924e841f2a46edf1dfa99cabc//,"599,000 ",Range Rover Sport,Land Rover,2023,12 km,Left Hand,Elite Cars,HSE Dynamic,Other,Yes,Black,Perfect inside and out,SUV,Perfect inside and out,6,Automatic Transmission,400 - 500 HP,Petrol,"['REF NUMBER: E237632 ', 'The Elite Cars, one of the leading car dealerships in the UAE, takes pride in their selection of the most exclusive and sought-after vehicles from the world’s legendary marques. ']"
https://dubai.dubizzle.com/motors/used-cars/mercedes-benz/gls-class/2022/7/12/2021-mercedes-benz-maybach-gls-600-rear-se-2-105---b54413c1611144abaf0317557b9b72ea//,"899,000 ",GLS-Class,Mercedes-Benz,2021,"18,021 km",Left Hand,Walid Kahat Used Cars Exhb,Other,Other,No,Gold,Perfect inside and out,SUV,Perfect inside and out,8,Automatic Transmission,500 - 600 HP,Petrol,"['REF NUMBER: E226038 ', 'The Elite Cars, one of the leading car dealerships in the UAE, takes pride in their selection of the most exclusive and sought-after vehicles from the world’s legendary marques. ']"
https://dubai.dubizzle.com/motors/used-cars/dodge/charger/2023/6/15/hillcat-kit57-warranty-finance0dp-2-340---1a8c6f8b23ba401c82c2ca03ac408568//,"59,999 ",Charger,Dodge,2018,"97,000 km",Left Hand,Walid Kahat Used Cars Exhb,R/T Plus,American Specs,Yes,Grey,Perfect inside and out,Sedan,Perfect inside and out,8,Automatic Transmission,400 - 500 HP,Petrol,"['Bank finance available  ', 'Airbags original ']"
https://dubai.dubizzle.com/motors/used-cars/ford/mustang/2023/7/1/shlbyekitwarranty-finance0dp-2-887---32185133f7ec40ab936f5928a38b01c8//,"67,000 ",Mustang,Ford,2020,"62,000 km",Left Hand,Carbon Cars &  Motorcycles Trading L.L.C,Ecoboost Premium,American Specs,Yes,Silver,Perfect inside and out,Sedan,Perfect inside and out,4,Automatic Transmission,200 - 300 HP,Petrol,"['Bank finance available ', 'Airbags original ']"
https://dubai.dubizzle.com/motors/used-cars/mercedes-benz/s-class/2023/7/15/mercedes-s63-amg-4matic-gcc-in-beautiful-c-2-920---e3f2b4dc0523413c98dc5b1ea45b107a//,"319,000 ",S-Class,Mercedes-Benz,2018,"37,000 km",Left Hand,Carbon Cars &  Motorcycles Trading L.L.C,S 63 AMG,GCC Specs,Yes,White,Perfect inside and out,Sedan,Perfect inside and out,8,Automatic Transmission,600 - 700 HP,Petrol,"['MERCEDES S63 AMG 4MATIC+ GCC IN BEAUTIFUL CONDITION ONLY 37K KM FOR 319K AED ', 'MONTHLY 4940 FOR 5 YEARS ']"
https://dubai.dubizzle.com/motors/used-cars/mercedes-benz/g-class/2023/7/22/mercedes-g63-amg-2013-gcc-in-immaculate-co-2-736---45767c8541c649168038da62f5f9dda2//,"185,000 ",G-Class,Mercedes-Benz,2013,"151,000 km",Left Hand,Car Vault,G 63 AMG,GCC Specs,Yes,White,Perfect inside and out,SUV,Perfect inside and out,8,Automatic Transmission,500 - 600 HP,Petrol,"['MERCEDES G63 AMG 2013 GCC IN IMMACULATE CONDITION FULL SERVICE HISTORY FROM AL GARGASH ', '- SUNROOF ']"
https://dubai.dubizzle.com/motors/used-cars/mclaren/675lt/2023/8/5/2016-mclaren-675lt-gcc-spec-2-827---13f054c44d834a3c8e38e4d5d76f593a//,"799,000 ",675LT,McLaren,2016,"9,876 km",Left Hand,Carrohub L.L.C-FZ,Standard,GCC Specs,No,Black,Perfect inside and out,Coupe,Perfect inside and out,8,Automatic Transmission,600 - 700 HP,Petrol,"['A decade of experience in Luxury car selling and buying. Every model for sale has been delivered to the highest level of quality standards. ', ' DESCRIPTION ']"
https://dubai.dubizzle.com/motors/used-cars/ford/edge/2023/5/17/2021-ford-edge-titanium-gcc-2-869---31cd3b3d4fe34cd0940c6237584f1b5b//,"144,000 ",Edge,Ford,2021,"45,000 km",Left Hand,Luxe Cars Showroom L.L.C,Titanium,GCC Specs,Yes,Black,Perfect inside and out,SUV,Perfect inside and out,4,Automatic Transmission,200 - 300 HP,Petrol,"['Ford Edge Titanium 2022 ', 'The Ford Edge is a luxury yet affordable mid sized SUV.  ']"
https://dubai.dubizzle.com/motors/used-cars/audi/q8/2022/4/29/2022-zero-km-audi-q8-55-tfsi-gcc-specs-war-2-055---436b193fe88a44e090fc70ea683bc537//,"460,000 ",Q8,Audi,2022,33 km,Left Hand,Pearl Motors Luxury Automobiles Trading L.L.C,S-Line,GCC Specs,Yes,Silver,Perfect inside and out,SUV,Perfect inside and out,6,Automatic Transmission,300 - 400 HP,Petrol,"['Why Pearl Motors? ', '*Wide collection of luxury car marques under one roof ']"
https://dubai.dubizzle.com/motors/used-cars/audi/q8/2022/7/4/2022-zero-km-audi-rs-q8-grey-metallic-warr-2-801---e40f31875cb04d97b3b7abda701341a2//,"695,000 ",Q8,Audi,2022,0 km,Left Hand,Pearl Motors Luxury Automobiles Trading L.L.C,RS Q8,Other,Yes,Grey,Perfect inside and out,SUV,Perfect inside and out,8,Automatic Transmission,500 - 600 HP,Petrol,"['Why Pearl Motors? ', '*Wide collection of luxury car marques under one roof ']"
https://dubai.dubizzle.com/motors/used-cars/mercedes-maybach/s-class/2022/9/12/2022-brand-new-maybach-s-680-v12-dual-tone-2-197---586212591a40487ab7d7e853a7086c5e//,"1,290,000 ",S-Class,Mercedes-Maybach,2022,0 km,Left Hand,Pearl Motors Luxury Automobiles Trading L.L.C,S 680,GCC Specs,Yes,Gold,Perfect inside and out,Sedan,Perfect inside and out,12,Automatic Transmission,600 - 700 HP,Petrol,"['Why Pearl Motors? ', '*Wide collection of luxury car marques under one roof ']"
https://dubai.dubizzle.com/motors/used-cars/lamborghini/urus/2022/9/2/2022-zero-km-lamborghini-urus-novitec-kit--2-156---6a91629e402f43739fb6ea73f8aaab4c//,"1,550,000 ",Urus,Lamborghini,2022,0 km,Left Hand,Pearl Motors Luxury Automobiles Trading L.L.C,Standard,Other,Yes,Black,Perfect inside and out,SUV,Perfect inside and out,8,Automatic Transmission,600 - 700 HP,Petrol,"['Why Pearl Motors? ', '*Wide collection of luxury car marques under one roof ']"
https://dubai.dubizzle.com/motors/used-cars/mercedes-benz/sl-class/2022/11/16/2022-mercedes-benz-sl-43-amg-4-cyl-electri-2-894---c6c4ff9658254bcfab3f798632156285//,"735,000 ",SL-Class,Mercedes-Benz,2022,0 km,Left Hand,Pearl Motors Luxury Automobiles Trading L.L.C,Other,European Specs,Yes,Grey,Perfect inside and out,Soft Top Convertible,Perfect inside and out,4,Automatic Transmission,300 - 400 HP,Petrol,"['Why Pearl Motors? ', '*Wide collection of luxury car marques under one roof ']"
https://dubai.dubizzle.com/motors/used-cars/mercedes-amg/gt/2022/12/27/2022-brand-new-zero-km-mercedes-benz-gt-53-2-504---83923e249d504846a4af13a7a0a121a3//,"770,000 ",GT,Mercedes-AMG,2022,0 km,Left Hand,Pearl Motors Luxury Automobiles Trading L.L.C,N/A,Other,Yes,Blue,Perfect inside and out,Sports Car,Perfect inside and out,6,Automatic Transmission,400 - 500 HP,Petrol,"['Why Pearl Motors? ', '*Wide collection of luxury car marques under one roof ']"
https://dubai.dubizzle.com/motors/used-cars/mercedes-benz/v-class/2023/1/7/2023-brand-new-zero-km-mercedes-benz-v250--2-455---fe0ecbb2934c4e7997d15f61879495d7//,"680,000 ",V-Class,Mercedes-Benz,2023,0 km,Left Hand,N/A,V 250,GCC Specs,Yes,Black,Perfect inside and out,SUV,Perfect inside and out,4,Automatic Transmission,300 - 400 HP,Petrol,"['Why Pearl Motors? ', '*Wide collection of luxury car marques under one roof ']"
https://dubai.dubizzle.com/motors/used-cars/bmw/x5/2023/7/3/bmw-x5-40i-exclusive-ref-63565-2-180---f09055324b5348a9817f006464175c78//,"255,000 ",X5,BMW,2019,"66,055 km",Left Hand,AGMC - BMW,Xdrive 40i,GCC Specs,Yes,Grey,Perfect inside and out,SUV,Perfect inside and out,6,Automatic Transmission,300 - 400 HP,Petrol,"['• AGMC is the official BMW Group Importer in Dubai, Sharjah & Northern Emirates. ', '• BPS is the Certified Pre-Owned Vehicle program  of  ']"
https://dubai.dubizzle.com/motors/used-cars/mercedes-benz/a-class/2023/6/26/mercedes-a35-as-is-basis-ref-1435167-2-767---d14cae726c774a8b968b6f06ad5f468d//,"175,000 ",A-Class,Mercedes-Benz,2020,"37,487 km",Left Hand,AGMC - BMW,AMG A 35,GCC Specs,No,Black,Perfect inside and out,Hatchback,Perfect inside and out,4,Automatic Transmission,200 - 300 HP,Petrol,"['For more information, contact our call center  Show Phone Number', 'Show Phone Number']"
https://dubai.dubizzle.com/motors/used-cars/bmw/x6/2023/6/21/bmw-x6-35i-exclusive-as-is-basis-ref-63833-2-322---e65291dd3be144bcb96f143fc7616e17//,"190,000 ",X6,BMW,2019,"53,462 km",Left Hand,AGMC - BMW,Xdrive35i Exclusive,GCC Specs,Yes,Black,Perfect inside and out,SUV,Perfect inside and out,6,Automatic Transmission,300 - 400 HP,Petrol,"['• AGMC is the official BMW Group Importer in Dubai, Sharjah & Northern Emirates. ', '• BPS is the Certified Pre-Owned Vehicle program  of  ']"
https://dubai.dubizzle.com/motors/used-cars/volvo/xc90/2023/7/17/volvo-xc9-2017-gcc-five-cameras-parking-as-2-533---2554f68131ff4cc4b14662e711a899ef//,"79,000 ",XC90,Volvo,2017,"241,190 km",Left Hand,Mohammad Waheed Used Cars Tr L L C,Other,GCC Specs,Does not apply,Brown,Perfect inside and out,SUV,Perfect inside and out,6,Automatic Transmission,200 - 300 HP,Petrol,"['Export Price: (AED 79,000), (USD:21,525) ', 'Car Specifications: ']"
https://dubai.dubizzle.com/motors/used-cars/gmc/yukon/2023/7/18/gmc-yukon-exclusive-bh-edition-2-862---0d4ff39b5650453e97f3663370920a25//,"285,000 ",Yukon,GMC,2023,0 km,Left Hand,Mohammad Waheed Used Cars Tr L L C,SLT,GCC Specs,Yes,Black,Perfect inside and out,SUV,Perfect inside and out,8,Automatic Transmission,200 - 300 HP,Petrol,"['GMC Yukon BH EDITION SLT ', 'Model: 2023 ']"
https://dubai.dubizzle.com/motors/used-cars/bentley/continental-gt/2023/7/31/2016-bentley-continental-gt-v8s-warranty-s-2-636---01d907c15da544ddaabee4acdd709ec3//,"329,000 ",Continental GT,Bentley,2016,"84,984 km",Left Hand,GTA Cars 2,Other,GCC Specs,Yes,White,Perfect inside and out,Coupe,Perfect inside and out,8,Automatic Transmission,500 - 600 HP,Petrol,"['2016 Bentley Continental GT V8S, 4.0TC V8 4WD, 521bhp, 8 Auto Speed Gearbox.  ', 'AED 329,000 or 6,251/ Month with a 20% Down Payment over 4 Years. ']"
https://dubai.dubizzle.com/motors/used-cars/porsche/boxster/2023/8/2/2022-porsche-718-boxster-spyder-warranty-f-2-001---296c19d158e74397a2c1e883848f8125//,"389,000 ",Boxster,Porsche,2022,"13,000 km",Left Hand,GTA Cars 2,Spyder,GCC Specs,Yes,Silver,Perfect inside and out,Soft Top Convertible,Perfect inside and out,6,Automatic Transmission,300 - 400 HP,Petrol,"['2022 Porsche 718 Boxster Spyder, 2.5 I4 F6 RWD, 350bhp, 7 Auto Speed Gearbox. ', 'AED 389,000 or AED 6,094 / Month with 20% Down Payment over 5 Years. ']"
https://dubai.dubizzle.com/motors/used-cars/audi/q5/2023/8/1/2014-audi-q5-quattro-2ot-full-audi-service-2-582---f8abacc98f6d43299d875fb6ebc1f528//,"65,000 ",Q5,Audi,2014,"88,393 km",Left Hand,GTA Cars 2,Standard,GCC Specs,Does not apply,Grey,Perfect inside and out,SUV,Perfect inside and out,4,Automatic Transmission,200 - 300 HP,Petrol,"['2014 Audi Q5 Quattro 2.0T, 2.0TC I4 4WD, 222bhp, 8 Auto Speed Gearbox. ', 'AED 65,000 or AED 2,318 / Month with 20% Down Payment over 2 Years. ']"
https://dubai.dubizzle.com/motors/used-cars/bmw/7-series/2023/6/10/2017-bmw-740li-full-bmw-service-history-wa-2-887---82a4d99d6d0040239cc9bb40634c0960//,"169,500 ",7-Series,BMW,2017,"65,223 km",Left Hand,GTA Cars 2,740Li,GCC Specs,Yes,Black,Perfect inside and out,Sedan,Perfect inside and out,6,Automatic Transmission,300 - 400 HP,Petrol,"['2017 BMW 740LI, 3.0TC I6 RWD, 326bhp, 8 Auto Speed Gearbox. ', 'AED 169,500 or AED 2,655 / Month with 20% Down Payment over 5 Years. ']"
