,username,screen_name,date,tweet,hashtags
0,piero martinez,@pierom1228,2020-09-12 00:48:36,"RT @RevistaSemana: ‚ÄúNo va a haber una sola marcha pac√≠fica en Bogot√°, no existe esa posibilidad. Que Claudia L√≥pez las prohiba todas‚Äù. Esta‚Ä¶",[]
1,Leonardo Jmz üõ∏,@Kenny_Dolph,2020-09-12 00:48:35,"RT @ChalecosAmarill: üé•üõëEn #Colombia al menos 13 personas ASESINADAS dejaron las protestas la noche del 9 de septiembre, a esto hay que suma‚Ä¶","[{'text': 'Colombia', 'indices': [26, 35]}]"
2,Hern√°n Vel√°squez R.,@VelsquezR,2020-09-12 00:48:35,"RT @elcuchoanticom: Buenas tardes.
Estos ""TERRORISTAS""fueron enviados desde ""BOGOT√Å"" a CARTAGENA por la CRIMINAL izquierda, con el objetivo‚Ä¶",[]
3,MICHEL CABALLERO,@MichelCaballero,2020-09-12 00:48:35,"De c√≥mo @NTN24ve le di√≥ la vuelta a la arepa. Para este medio de incomunicaci√≥n, la polic√≠a de Bogot√° paso de victi‚Ä¶ https://t.co/mTt1nVly5Z",[]
4,Li Pedraza,@Licaperuza,2020-09-12 00:48:34,RT @josiasfiesco: Las multimillonarias p√©rdidas de los actos vand√°licos en Bogot√° https://t.co/e0ZicQLlO3,[]
5,David F. Salazar,@dfsb98,2020-09-12 00:48:34,RT @heidy_up: Ni @GustavoBolivar se hubiera escrito semejante novel√≥n. Pretenden iniciar una cacer√≠a de brujas para criminalizar la protest‚Ä¶,[]
6,Manu Aguilar,@manuaguilar3,2020-09-12 00:48:34,"RT @petrogustavo: Las centrales obreras deben reunirse ta y convocar a paro nacional contra la represi√≥n.

Le pido a losnmovinientos social‚Ä¶",[]
7,Babies Forever Col,@BabiesCol,2020-09-12 00:48:34,RT @jarizabaletaf: Bogot√° no eligi√≥ una alcaldesa sino a una activista del Petrismo #PetroYClaudiaSonLoMismo,"[{'text': 'PetroYClaudiaSonLoMismo', 'indices': [84, 108]}]"
8,Martha de Moreno,@marthagdemoreno,2020-09-12 00:48:33,RT @CGurisattiNTN24: PRIMICIA! en @LaNocheNTN24 Polic√≠as v√≠ctimas de los violentos ataques criminales en Bogot√° narran los momentos de angu‚Ä¶,[]
9,Ultimabola,@Ultimabola1,2020-09-12 00:48:33,"RT @NoticiasRCN: En suba rinc√≥n, #Bogot√°, la comunidad se volc√≥ al rededor del CAI de polic√≠a, pero esta vez para limpiar los destrozos que‚Ä¶","[{'text': 'Bogot√°', 'indices': [33, 40]}]"
10,Charly,@JSmthi,2020-09-12 00:48:33,@Yefer_Vega @personeriabta @ContraloriaBta @ConcejoDeBogota @VeeduriaBogota @GobiernoBTA @Bogota @ClaudiaLopez‚Ä¶ https://t.co/b1RywFyxFh,[]
11,jct,@buque09,2020-09-12 00:48:33,"RT @petrogustavo: El Congreso de la Rep√∫blica en su virtualidad impuesta e ilegal ha dejado de existir.

Solo queda el pueblo en las calles‚Ä¶",[]
12,sandra patricia,@sandrapaty72,2020-09-12 00:48:32,RT @NoticiasCaracol: Habitantes de Bogot√° crearon escudos humanos para defender a polic√≠as &gt;&gt;&gt; https://t.co/urSxH4zx6q https://t.co/21uSmLw‚Ä¶,[]
13,Leonardo Fabio L√≥pez Guti√©rrez,@Leonard75239950,2020-09-12 00:48:32,"RT @IvanCepedaCast: Llaman la atenci√≥n los patrones bajo los que act√∫o la polic√≠a en toda la ciudad de Bogot√°, lo que hace pensar que obrar‚Ä¶",[]
14,Telemedell√≠n,@Telemedellin,2020-09-12 00:48:32,#NoticiasTM Las jornadas de protesta en Antioquia en rechazo al procedimiento policial sucedido en Bogot√° han estad‚Ä¶ https://t.co/A8pFlXFUxk,"[{'text': 'NoticiasTM', 'indices': [0, 11]}]"
15,elespectador,@elespectador,2020-09-12 00:48:32,RT @EspectadorVideo: #EnVivo Claudia L√≥pez hace un llamado a la calma en Bogot√° en medio de protestas por abuso policial https://t.co/oMsbu‚Ä¶,"[{'text': 'EnVivo', 'indices': [21, 28]}]"
16,Aura Violeta Olmos,@auradeustua,2020-09-12 00:48:32,RT @ISB_VE: #Pronunciamiento: Instituto Sim√≥n Bol√≠var para la Paz y la Solidaridad entre los Pueblos condena situaci√≥n de violencia en Bogo‚Ä¶,"[{'text': 'Pronunciamiento', 'indices': [12, 28]}]"
17,Jorge Ruiz,@JorgeRu38310335,2020-09-12 00:48:31,RT @ChalecosAmarill: üõëüé• #Colombia ‚ö†Ô∏è presente en Noruega üá≥üá¥ manifestaci√≥n con ata√∫des de cart√≥n en repudio a las masacres en Bogot√° por la‚Ä¶,"[{'text': 'Colombia', 'indices': [24, 33]}]"
18,Michael Andr√©s,@Michael_Amr,2020-09-12 00:48:31,RT @AnonNews_Col: Uni√≥n Europea y naciones unidas piden que se investiguen los hechos de violencia en #Bogot√° https://t.co/gH91CjMVjR,"[{'text': 'Bogot√°', 'indices': [102, 109]}]"
19,MilenaDDHH,@DdhhMilena,2020-09-12 00:48:31,"RT @JUAN_GAMMA: @IvanCepedaCast @Winchester_Musk @IvanCepedaCast curioso no s√≥lo fue en Bogot√°, fu√© en todo el pa√≠s, ¬øQui√©n dio la orden?",[]
20,Michelle,@Michell08478405,2020-09-12 00:48:31,"RT @angelamrobledo: Pte @IvanDuque llama vidas enceguecidas"" a quienes fueron asesinados anoche en Bogota.Otro eufemismo para ocultar la gr‚Ä¶",[]
21,luckygato,@Luckygato,2020-09-12 00:48:30,RT @MariaFdaCabal: La alcaldesa de Bogot√° autoriza para HOY 17 concentraciones alrededor de los Cai y en las estaciones de polic√≠a. La se√±o‚Ä¶,[]
22,Wilson Ruiz Ruiz,@WilsonRuizRuiz2,2020-09-12 00:48:29,@kroarbelaez @ClaudiaLopez @PoliciaBogota @manolitosalazar @PachoAlerta @Bogota @PoliciaColombia @mindefensa‚Ä¶ https://t.co/ykfJJ6ak7v,[]
23,ADELA PATRICIA CASTRO,@ADELACASTROM,2020-09-12 00:48:29,RT @AndresPastrana_: Se√±ora alcaldesa @ClaudiaLopez: ¬øes cierto que en los actos vand√°licos de los √∫ltimos dias en Bogot√° hay extranjeros i‚Ä¶,[]
24,Colombia Informa,@Col_Informa,2020-09-12 00:48:28,"#11S‚úä| En estos momentos desde el Park Way en Bogot√°, nos reportan gran cantidad de personas que se manifiestan con‚Ä¶ https://t.co/OXhZIWLETT","[{'text': '11S', 'indices': [0, 4]}]"
25,Reflexivo77,@reflexivo77,2020-09-12 00:48:28,"RT @Horadelaverdad: #ElEditorial @FlondonoHoyos: ""Para posesionarse, la se√±ora alcaldesa de Bogot√°, tuvo que prestar juramento de defender‚Ä¶","[{'text': 'ElEditorial', 'indices': [20, 32]}]"
26,Lilia  Piedad Vallej,@lilipiedadvalle,2020-09-12 00:48:28,"RT @ginamonteli: Son 13 muertos en 3 d√≠as. No uno. Deben pedir perd√≥n por los 13, deben renunciar el ministro y la c√∫pula de la Polic√≠a en‚Ä¶",[]
27,Alonso Arce,@BravaArce,2020-09-12 00:48:28,RT @jennymarcela03: Compa√±eros mi abuela de 84 a√±os con Alzheimer se perdi√≥ en las inmediaciones de Plaza de las Am√©ricas en #Bogot√° hace m‚Ä¶,"[{'text': 'Bogot√°', 'indices': [125, 132]}]"
28,Roc√≠o Roca,@RocioRoca22,2020-09-12 00:48:28,RT @jennymarcela03: Compa√±eros mi abuela de 84 a√±os con Alzheimer se perdi√≥ en las inmediaciones de Plaza de las Am√©ricas en #Bogot√° hace m‚Ä¶,"[{'text': 'Bogot√°', 'indices': [125, 132]}]"
29,Oscar Rios,@Biciartedanzar,2020-09-12 00:48:27,"RT @petrogustavo: El Congreso de la Rep√∫blica en su virtualidad impuesta e ilegal ha dejado de existir.

Solo queda el pueblo en las calles‚Ä¶",[]
30,Marcela Combariza,@LaRamonaSoy,2020-09-12 00:48:27,RT @ActualidadRT: Denuncian con videos a polic√≠as de Bogot√° que dispararon contra la ciudadan√≠a https://t.co/9SG93RuC9d,[]
31,desobediencia c√≠vil,@Maritza_2304,2020-09-12 00:48:27,"RT @IvanCepedaCast: Llaman la atenci√≥n los patrones bajo los que act√∫o la polic√≠a en toda la ciudad de Bogot√°, lo que hace pensar que obrar‚Ä¶",[]
32,STEEVE,@STEEVERELOADED,2020-09-12 00:48:27,RT @MariaFdaCabal: La alcaldesa de Bogot√° autoriza para HOY 17 concentraciones alrededor de los Cai y en las estaciones de polic√≠a. La se√±o‚Ä¶,[]
33,Angie Lozano,@paolalozano24,2020-09-12 00:48:26,RT @DonIzquierdo_: ESMAD reprime marcha pac√≠fica en el Centro de Bogot√°. Siguen silenciando a quienes protestan por el respeto a la vida. h‚Ä¶,[]
34,Perensejo de las Nieves,@JavierEMarino,2020-09-12 00:48:26,"RT @CarlosFGalan: El uso de armas de fuego por parte de los polic√≠as debe ser la excepci√≥n, solo cuando sea estrictamente necesario. Eso no‚Ä¶",[]
35,LuisFajardoB,@LuisFajardoB1,2020-09-12 00:48:25,RT @DonIzquierdo_: ESMAD reprime marcha pac√≠fica en el Centro de Bogot√°. Siguen silenciando a quienes protestan por el respeto a la vida. h‚Ä¶,[]
36,Elkin Huertas Carrasquilla.,@ELKINHUERTASC,2020-09-12 00:48:24,"RT @AForeroM: ‚ÄúEl Norte se une o se quema!‚Äù 

‚ÄúResistimos, las balas que disparaste van a volver‚Äù

¬øQu√© opina @ClaudiaLopez de estas inquie‚Ä¶",[]
37,JDNF,@Octimospray1971,2020-09-12 00:48:24,"RT @ELTIEMPO: Un menor de 17 a√±os, una joven estudiante de 18 a√±os, un vigilante, un domiciliario, un ingeniero... Son 11 vidas las que se‚Ä¶",[]
38,Meibi Elizabeth Ojeda B,@meojedab,2020-09-12 00:48:24,"RT @CarlosFGalan: El uso de armas de fuego por parte de los polic√≠as debe ser la excepci√≥n, solo cuando sea estrictamente necesario. Eso no‚Ä¶",[]
39,El Espectador Video,@EspectadorVideo,2020-09-12 00:48:23,#EnVivo Claudia L√≥pez hace un llamado a la calma en Bogot√° en medio de protestas por abuso policial‚Ä¶ https://t.co/RZ1PCPPWcb,"[{'text': 'EnVivo', 'indices': [0, 7]}]"
40,BOGOTAÃÅ.,@MuerteAlVegano,2020-09-12 00:48:22,"/ Aprovecho eso para decir que:

Yo quiero que la amistad que tienen Palermo y Bogot√° se quiebre por culpa de la mu‚Ä¶ https://t.co/cJ1RTiIMPt",[]
41,Dav,@publichibcha,2020-09-12 00:48:22,"RT @TweetJaramillo: El abogado  de Bogot√°: ‚Äúel borracho""

Dylan Cruz: ‚Äúel v√°ndalo""

Las ni√±as ind√≠genas:  ‚Äúlas ofrecidas""

Los 4 mil falsos‚Ä¶",[]
42,Francisco Sanchez,@gudaris,2020-09-12 00:48:22,"RT @Mision_Verdad: Gravemente herido qued√≥ un joven en #Colombia luego de ser arrollado, golpeado y pateado por la polic√≠a en Bogot√° https:‚Ä¶","[{'text': 'Colombia', 'indices': [55, 64]}]"
43,Jorge Eduardo Rojas,@jorge_rojas_a,2020-09-12 00:48:22,"RT @IvanCepedaCast: Llaman la atenci√≥n los patrones bajo los que act√∫o la polic√≠a en toda la ciudad de Bogot√°, lo que hace pensar que obrar‚Ä¶",[]
44,Geral,@Geral_0420,2020-09-12 00:48:21,RT @ChalecosAmarill: üõëüé• #Colombia ‚ö†Ô∏è presente en Noruega üá≥üá¥ manifestaci√≥n con ata√∫des de cart√≥n en repudio a las masacres en Bogot√° por la‚Ä¶,"[{'text': 'Colombia', 'indices': [24, 33]}]"
45,Radic350,@radic350,2020-09-12 00:48:21,RT @Citytv: üö® ¬°Ojo! Recuerde que el sistema de transporte masivo TransMilenio cerrar√° anticipadamente su servicio la noche de este viernes‚Ä¶,[]
46,Juan Esteban Trochez,@JuanEstebanTro4,2020-09-12 00:48:21,RT @DonIzquierdo_: ESMAD reprime marcha pac√≠fica en el Centro de Bogot√°. Siguen silenciando a quienes protestan por el respeto a la vida. h‚Ä¶,[]
47,Luz Omayra,@LuzO_,2020-09-12 00:48:21,"RT @oramirezvahos: Lanzamos un S.O.S., por los CAI en Bogot√°. üö®üö®üö®
No permitamos que los sigan destruyendo y dejen desprotegidas a las comun‚Ä¶",[]
48,üêù Jairo Viteri üêù,@jairomarvit,2020-09-12 00:48:21,RT @ActualidadRT: Denuncian con videos a polic√≠as de Bogot√° que dispararon contra la ciudadan√≠a https://t.co/mFlBgAPskt,[]
49,cilantro,@chaoticczouis,2020-09-12 00:48:21,"RT @styleslietome: COLOMBIANOS.
me avisaron que por el centro de Bogot√° est√°n yendo francotiradores, el centro es un lugar donde nos cierra‚Ä¶",[]
50,Maps,@mpaulasurez,2020-09-12 00:48:21,RT @jennymarcela03: Compa√±eros mi abuela de 84 a√±os con Alzheimer se perdi√≥ en las inmediaciones de Plaza de las Am√©ricas en #Bogot√° hace m‚Ä¶,"[{'text': 'Bogot√°', 'indices': [125, 132]}]"
51,Ana Mar√≠a,@amcalderonc4,2020-09-12 00:48:20,RT @jennymarcela03: Compa√±eros mi abuela de 84 a√±os con Alzheimer se perdi√≥ en las inmediaciones de Plaza de las Am√©ricas en #Bogot√° hace m‚Ä¶,"[{'text': 'Bogot√°', 'indices': [125, 132]}]"
52,it's Britney bitch,@salonin13,2020-09-12 00:48:20,RT @jennymarcela03: @samuelescritor Mi abuela de 84 a√±os con Alzheimer se perdi√≥ en las inmediaciones de Plaza de las Am√©ricas de #Bogota h‚Ä¶,"[{'text': 'Bogota', 'indices': [130, 137]}]"
53,Perensejo de las Nieves,@JavierEMarino,2020-09-12 00:48:20,RT @CarlosFGalan: Como Presidente de @ConcejoDeBogota le exijo a la Polic√≠a Metropolitana @PoliciaBogota que cumpla las √≥rdenes impartidas‚Ä¶,[]
54,Adri.,@adrimaestre94,2020-09-12 00:48:20,"RT @TweetJaramillo: El abogado  de Bogot√°: ‚Äúel borracho""

Dylan Cruz: ‚Äúel v√°ndalo""

Las ni√±as ind√≠genas:  ‚Äúlas ofrecidas""

Los 4 mil falsos‚Ä¶",[]
55,claudia maria,@claudia04213250,2020-09-12 00:48:20,RT @NoticiasCaracol: Habitantes de Bogot√° crearon escudos humanos para defender a polic√≠as &gt;&gt;&gt; https://t.co/urSxH4zx6q https://t.co/21uSmLw‚Ä¶,[]
56,why not?,@pankkkee,2020-09-12 00:48:20,"RT @JulieDuque1: Carlo Giovanni Russi: los ‚Äúprocedimientos‚Äù de terror del Escuadr√≥n Antidisturbios https://t.co/5CdkkB46ju
Comparto con uds‚Ä¶",[]
57,dexy montejo b,@damb73826,2020-09-12 00:48:19,RT @ProteccionPonal: üêæAgradecemos a las comunidades animalistas que rescataron y protegieron a nuestros amigos peluditos durante los incide‚Ä¶,[]
58,Natty,@Natthhhhtttty,2020-09-12 00:48:19,"@sandresbahamon @CristinaRevolt @LeonVaLenciaA Vea papito y por si las dudas, este sujeto fue Concejal de Bogot√° m√°‚Ä¶ https://t.co/d41103i6fn",[]
59,Javier Pati√±o,@javipatino1,2020-09-12 00:48:18,RT @LauraMedinaRuiz: Hay que militarizar Bogot√° ya.,[]
60,Meibi Elizabeth Ojeda B,@meojedab,2020-09-12 00:48:18,RT @CarlosFGalan: Como Presidente de @ConcejoDeBogota le exijo a la Polic√≠a Metropolitana @PoliciaBogota que cumpla las √≥rdenes impartidas‚Ä¶,[]
61,üå∫Liliana Motaüíõüíô‚ù§Ô∏è,@lakrtuchra,2020-09-12 00:48:18,RT @DonIzquierdo_: ESMAD reprime marcha pac√≠fica en el Centro de Bogot√°. Siguen silenciando a quienes protestan por el respeto a la vida. h‚Ä¶,[]
62,VIRAKUS,@viracaiii,2020-09-12 00:48:18,RT @ELTIEMPO: ¬°Con√©ctese! As√≠ est√°n las manifestaciones en varios puntos de Bogot√°. Se han presentado algunos bloqueos. ‚ñ∫ https://t.co/1y32‚Ä¶,[]
63,ivan balbi,@BalbiIvan,2020-09-12 00:48:17,RT @GuilloRodrig: *Atenci√≥n* En las pr√≥ximas horas presentare ante @PGN_COL Queja Disciplinaria en contra de @petrogustavo por su Constante‚Ä¶,[]
64,SAMAEL,@Ksamael1985,2020-09-12 00:48:17,"RT @TweetJaramillo: El abogado  de Bogot√°: ‚Äúel borracho""

Dylan Cruz: ‚Äúel v√°ndalo""

Las ni√±as ind√≠genas:  ‚Äúlas ofrecidas""

Los 4 mil falsos‚Ä¶",[]
65,AFA10,@tienehuevohpta,2020-09-12 00:48:17,RT @noam110886: Ha empezado la represi√≥n a la protesta pac√≠fica en el centro bogot√° @MadameSiimone  @DonIzquierdo_  @JUANCAELBROKY  @SraPat‚Ä¶,[]
66,camilo Lacouture A,@camiloLacoutur1,2020-09-12 00:48:16,RT @julianquintanat: ¬øLa alcaldesa @ClaudiaLopez como jefe de la polic√≠a de Bogot√° no va a pedir perd√≥n?,[]
67,Francisco Restrepo,@franres98,2020-09-12 00:48:16,"RT @PartidoMIRA: COMUNICADO:

Ante hechos violentos de los √∫ltimos tres d√≠as en Bogot√° y el pa√≠s, el @PartidoMIRA rechaza abusos de fuerza‚Ä¶",[]
68,Viejo Miguel,@elviejomiguelc,2020-09-12 00:48:16,"RT @NoticiasCaracol: Con piedras, v√°ndalos atacaron el Palacio de Justicia de Bucaramanga

Manifestantes, entretanto, protestaron pac√≠ficam‚Ä¶",[]
69,Jos√© Y. Silva üá®üá¥ü•ëü•ëüêùüêù,@Jose_Yonier,2020-09-12 00:48:16,"RT @IvanCepedaCast: Llaman la atenci√≥n los patrones bajo los que act√∫o la polic√≠a en toda la ciudad de Bogot√°, lo que hace pensar que obrar‚Ä¶",[]
70,Juan Esteban,@0JuanEsteban0,2020-09-12 00:48:16,RT @noam110886: Ha empezado la represi√≥n a la protesta pac√≠fica en el centro bogot√° @MadameSiimone  @DonIzquierdo_  @JUANCAELBROKY  @SraPat‚Ä¶,[]
71,Pelu8a,@Pelu8a,2020-09-12 00:48:16,RT @noam110886: Ha empezado la represi√≥n a la protesta pac√≠fica en el centro bogot√° @MadameSiimone  @DonIzquierdo_  @JUANCAELBROKY  @SraPat‚Ä¶,[]
72,Susen Naged,@nesusdegan,2020-09-12 00:48:15,"RT @EduardoZR12: En Bogot√° hay colectivos de venezolanos financiados para crear caos, las autoridades deben perseguirlos y expulsarlos o es‚Ä¶",[]
73,BERNARDO CEPEDA,@Berny745,2020-09-12 00:48:15,RT @NoticiasRCN: Los periodistas de @NoticiasRCN reportan desde el centro de #Bogot√°. Se estima que cerca de 350 personas caminan pac√≠ficam‚Ä¶,"[{'text': 'Bogot√°', 'indices': [77, 84]}]"
74,claudia maria,@claudia04213250,2020-09-12 00:48:15,RT @rcnradio: Mujer muri√≥ atropellada por un bus de SITP robado en medio de las protestas https://t.co/PubFbIgqo6,[]
75,Carmence Cabeza,@Mencho11,2020-09-12 00:48:14,RT @pachoscopias: @PalomaValenciaL @Mencho11 Increible en manos de quien esta bogota! Por Dios y ya mir√≥ al alcalde de medellin? Llamando a‚Ä¶,[]
76,Lux Lancheros,@LuxAndLan,2020-09-12 00:48:14,RT @jennymarcela03: Compa√±eros mi abuela de 84 a√±os con Alzheimer se perdi√≥ en las inmediaciones de Plaza de las Am√©ricas en #Bogot√° hace m‚Ä¶,"[{'text': 'Bogot√°', 'indices': [125, 132]}]"
77,Rodrigo Rojas,@420skillz,2020-09-12 00:48:14,"RT @ChalecosAmarill: üé•üõëEn #Colombia al menos 13 personas ASESINADAS dejaron las protestas la noche del 9 de septiembre, a esto hay que suma‚Ä¶","[{'text': 'Colombia', 'indices': [26, 35]}]"
78,Orlando E. Acevedo S,@EOrlandoea,2020-09-12 00:48:14,RT @petroskymora: Total apoyo a @ClaudiaLopez alcaldesa de Bogot√° primera autoridad de la ciudad las diferencias no pueden destruir la demo‚Ä¶,[]
79,Rocham02,@Rocham021,2020-09-12 00:48:14,"RT @jarizabaletaf: En Bogot√° empez√≥ la toma del poder por parte de la ultra izquierda, la primera autoridad de la ciudad decidi√≥ aliarse co‚Ä¶",[]
80,Compa Jorge5862,@veracruj,2020-09-12 00:48:13,"RT @SMoncada_VEN: Colombia caso √∫nico de pa√≠s gobernado por un criminal desde desde su ‚Äúhacienda-carcel‚Äù. Uribe, luego de la masacre de Bog‚Ä¶",[]
81,Alejandro üå≥üïäÔ∏èüåæ #GoVeganüåøüåé,@Alejandro_vegan,2020-09-12 00:48:13,"RT @petrogustavo: 14 asesinatos en Bogot√° Y Soacha por la polic√≠a.

NI respuesta al vandalismo ni al ELN, esto solo se llama crimen de Esta‚Ä¶",[]
82,Elena S. Cusse Nader,@ElenaCusseNader,2020-09-12 00:48:12,RT @MariaFdaCabal: La alcaldesa de Bogot√° autoriza para HOY 17 concentraciones alrededor de los Cai y en las estaciones de polic√≠a. La se√±o‚Ä¶,[]
83,Claudia Beltran,@McKlaws,2020-09-12 00:48:12,RT @jennymarcela03: Compa√±eros mi abuela de 84 a√±os con Alzheimer se perdi√≥ en las inmediaciones de Plaza de las Am√©ricas en #Bogot√° hace m‚Ä¶,"[{'text': 'Bogot√°', 'indices': [125, 132]}]"
84,Clara Torres,@Clara_angelical,2020-09-12 00:48:12,RT @NoticiasRCN: Ya son 13 los muertos que dejan los disturbios de los √∫ltimos dos d√≠as en Bogot√° y Soacha. Conocimos el testimonio de la m‚Ä¶,[]
85,FELIPE MATEUS,@felipemateusph,2020-09-12 00:48:11,RT @Flakaclau: En Bogota:,[]
86,abdon,@abdon00710100,2020-09-12 00:48:11,RT @PartidoFARC: Vecinas y vecinos del Parkway convirtieron el CAI en una biblioteca popular. #Bogot√° https://t.co/SwxzSatwHC,"[{'text': 'Bogot√°', 'indices': [94, 101]}]"
87,Grandpa Reloaded KAG-Not a Bot #1087985,@VancliffDesign,2020-09-12 00:48:10,"RT @Jorge_Opina: Para @LuisErnestoGL
la persona asesinada por v√°ndalos que robaron un bus no existe ? 
Bastante selectivos con las v√≠ctimas‚Ä¶",[]
88,Francesco Alvarez Ibanez,@FrancescoAlva13,2020-09-12 00:48:10,RT @DonIzquierdo_: ESMAD reprime marcha pac√≠fica en el Centro de Bogot√°. Siguen silenciando a quienes protestan por el respeto a la vida. h‚Ä¶,[]
89,claudia maria,@claudia04213250,2020-09-12 00:48:08,"RT @NoticiasRCN: En suba rinc√≥n, #Bogot√°, la comunidad se volc√≥ al rededor del CAI de polic√≠a, pero esta vez para limpiar los destrozos que‚Ä¶","[{'text': 'Bogot√°', 'indices': [33, 40]}]"
90,ginna paola sanchez,@Dd3Ginna,2020-09-12 00:48:08,"RT @IvanCepedaCast: Llaman la atenci√≥n los patrones bajo los que act√∫o la polic√≠a en toda la ciudad de Bogot√°, lo que hace pensar que obrar‚Ä¶",[]
91,HERNAN DARIO PEREZ O,@HernanDPerez,2020-09-12 00:48:08,"RT @julianquintanat: Un desastre el manejo de @ClaudiaLopez en esta crisis, en Bogota no hay ley ni orden.",[]
92,J√âVV,@vipcom3,2020-09-12 00:48:08,RT @CGurisattiNTN24: PRIMICIA! en @LaNocheNTN24 Polic√≠as v√≠ctimas de los violentos ataques criminales en Bogot√° narran los momentos de angu‚Ä¶,[]
93,Oscar Echavarria,@osivec,2020-09-12 00:48:06,"RT @NoticiasRCN: En suba rinc√≥n, #Bogot√°, la comunidad se volc√≥ al rededor del CAI de polic√≠a, pero esta vez para limpiar los destrozos que‚Ä¶","[{'text': 'Bogot√°', 'indices': [33, 40]}]"
94,S.O.S Colombiaü•ë,@CartagenaSOS,2020-09-12 00:48:06,"RT @petrogustavo: 14 asesinatos en Bogot√° Y Soacha por la polic√≠a.

NI respuesta al vandalismo ni al ELN, esto solo se llama crimen de Esta‚Ä¶",[]
95,M a r √≠ a,@laagradecida,2020-09-12 00:48:06,RT @LauraMedinaRuiz: Dice @ClaudiaLopez que la Polic√≠a no le hace caso. Entonces  est√° aceptando que le qued√≥ grande ser alcaldesa de Bogot‚Ä¶,[]
96,Kike Guti√©rrez ü•ë,@Alvaro93878337,2020-09-12 00:48:06,"RT @DanielBejarano_: Bloque Capital y polic√≠a autoras de la masacre en Bogot√°?
https://t.co/1feZPs3Khz",[]
97,Marcha Orgullo Gay,@M_O_G_,2020-09-12 00:48:05,"RT @IvanCepedaCast: Llaman la atenci√≥n los patrones bajo los que act√∫o la polic√≠a en toda la ciudad de Bogot√°, lo que hace pensar que obrar‚Ä¶",[]
98,YUDY CAROLINA BELTRAN,@YUDY69BELTRAN,2020-09-12 00:48:05,@alex_reina @BogotaParticipa @dcRadioBogota @ClaudiaLopez @Bogota @GobiernoBTA su franqueza sus gritos sele fueron‚Ä¶ https://t.co/fOIrgIb23d,[]
